Notice Date,Effective,Received,Company,City,No. O f,Layoff/Closure
6/22/15,0  3  / 2  5  / 2  0  16,0  7  / 0  1  / 2  0  15,Maxim  Integrated Produc t,San J os e,150,Clos ure Perm anent
6/30/15,0  8  / 2  9  / 2  0  15,0  7  / 0  1  / 2  0  15,Mc G raw-Hill Educ ation,Monterey,137,Layof f  Unk nown at this  tim e
6/30/15,0  8  / 3  0  / 2  0  15,0  7  / 0  1  / 2  0  15,Long Beac h Mem orial Medic al Center,Long Beac h,90,Layof f  Perm anent
7/1/15,0  9  / 0  2  / 2  0  15,0  7  / 0  1  / 2  0  15,Leidos,El Segundo,72,Layof f  Perm anent
7/1/15,0  9  / 3  0  / 2  0  16,0  7  / 0  1  / 2  0  15,"Bos c h Healthc are Sys tem s , Inc .",Palo Alto,55,Clos ure Perm anent
6/29/15,0  9  / 0  1  / 2  0  15,0  7  / 0  2  / 2  0  15,"Enc om pas s  Digital Media, Inc .",Los  Angeles,41,Clos ure Perm anent
7/2/15,0  7  / 0  6  / 2  0  15,0  7  / 0  2  / 2  0  15,Alphatec  Spine,Carls bad,99,Layof f  Perm anent
6/30/15,0  8  / 0  7  / 2  0  15,0  7  / 0  6  / 2  0  15,Sym antec  Corporation,Mountain View,60,Layof f  Perm anent
6/30/15,0  8  / 3  1  / 2  0  15,0  7  / 0  6  / 2  0  15,"Fus ion Contac ts  Centers , LLC",Santa Maria,50,Clos ure Perm anent
6/30/15,0  9  / 1  5  / 2  0  15,0  7  / 0  6  / 2  0  15,KLA-T enc or Corporation,Milpitas,213,Layof f  Perm anent
7/1/15,0  9  / 0  4  / 2  0  15,0  7  / 0  6  / 2  0  15,Southern Calif ornia Edis on Com pany,San Clem ente,100,Clos ure Perm anent
7/2/15,0  9  / 0  1  / 2  0  15,0  7  / 0  6  / 2  0  15,"State Fis h Com pany, Inc .",W ilm ington,76,Clos ure Perm anent
7/2/15,0  9  / 0  4  / 2  0  15,0  7  / 0  6  / 2  0  15,Boeing Com pany,Long Beac h,56,Layof f  Unk nown at this  tim e
7/6/15,0  9  / 0  4  / 2  0  15,0  7  / 0  6  / 2  0  15,"Bridgepoint Educ ation, Inc .",San Diego,7,Layof f  Perm anent
7/6/15,0  9  / 0  4  / 2  0  15,0  7  / 0  6  / 2  0  15,"Bridgepoint Educ ation, Inc .",San Diego,15,Layof f  Perm anent
7/1/15,0  6  / 2  9  / 2  0  15,0  7  / 0  7  / 2  0  15,BAE Sys tem s,San Franc is c o,4,Layof f  T em porary
7/1/15,0  6  / 2  9  / 2  0  15,0  7  / 0  7  / 2  0  15,BAE Sys tem s,San Franc is c o,78,Layof f  T em porary
7/1/15,0  9  / 0  7  / 2  0  15,0  7  / 0  7  / 2  0  15,Bay Bread LLC dba Bak ery Los  Angeles,San Fernando,50,Clos ure Perm anent
7/1/15,0  9  / 2  5  / 2  0  15,0  7  / 0  7  / 2  0  15,Bay Bread LLC dba New Frenc h Bak ery,South San,121,Clos ure Perm anent
7/2/15,0  6  / 1  2  / 2  0  15,0  7  / 0  7  / 2  0  15,Hewlett-Pac k ard Com pany,Palo Alto,65,Layof f  Perm anent
7/8/15,0  9  / 0  6  / 2  0  15,0  7  / 0  8  / 2  0  15,Mic ros of t Corporation,San Diego,129,Layof f  Perm anent
6/25/15,1  0  / 0  9  / 2  0  15,0  7  / 1  0  / 2  0  15,"Aram ark  Healthc are Support Servic es ,",Culver City,53,Clos ure Perm anent
7/1/15,0  9  / 1  0  / 2  0  15,0  7  / 1  0  / 2  0  15,Maxim  Integrated Produc t,San J os e,20,Layof f  Perm anent
7/6/15,0  9  / 0  4  / 2  0  15,0  7  / 1  0  / 2  0  15,"ProCourier, Inc .",San Diego,22,Layof f  Unk nown at this  tim e
7/6/15,0  9  / 0  4  / 2  0  15,0  7  / 1  0  / 2  0  15,"ProCourier, Inc .",Los  Angeles,71,Layof f  Unk nown at this  tim e
7/7/15,0  9  / 0  4  / 2  0  15,0  7  / 1  0  / 2  0  15,"ProCourier, Inc .",Irvine,22,Layof f  Unk nown at this  tim e
7/9/15,0  7  / 2  2  / 2  0  15,0  7  / 1  0  / 2  0  15,Berk eley Pyram id Alehous e,Berk eley,63,Clos ure Perm anent
7/9/15,0  9  / 1  4  / 2  0  15,0  7  / 1  0  / 2  0  15,Firem an' s  Fund Ins uranc e Com pany,Novato,35,Layof f  Perm anent
6/30/15,0  8  / 3  1  / 2  0  15,0  7  / 1  3  / 2  0  15,Firs t T rans it,San Bernardino,127,Layof f  Perm anent
6/30/15,0  8  / 3  1  / 2  0  15,0  7  / 1  3  / 2  0  15,Firs t T rans it,Ranc ho,71,Layof f  Perm anent
7/10/15,0  7  / 1  4  / 2  0  15,0  7  / 1  3  / 2  0  15,11 Main LLC,San Mateo,35,Clos ure Perm anent
7/10/15,0  7  / 1  4  / 2  0  15,0  7  / 1  3  / 2  0  15,11 Main LLC,Chic o,44,Layof f  Perm anent
7/15/15,0  7  / 1  5  / 2  0  15,0  7  / 1  5  / 2  0  15,T aylorMade Golf  Com pany,Carls bad,64,Layof f  Perm anent
7/8/15,0  9  / 0  6  / 2  0  15,0  7  / 1  6  / 2  0  15,Southern Calif ornia Edis on Com pany,Ros em ead,38,Layof f  Perm anent
7/14/15,0  9  / 1  8  / 2  0  15,0  7  / 2  0  / 2  0  15,"Ac tavis , Inc .",Corona,45,Layof f  Perm anent
7/17/15,0  7  / 1  3  / 2  0  15,0  7  / 2  1  / 2  0  15,Am eric an Managem ent Servic es  LLC,Monterey,56,Clos ure Perm anent
7/17/15,0  9  / 1  8  / 2  0  15,0  7  / 2  1  / 2  0  15,Boeing Com pany,Huntington Beac h,65,Layof f  Unk nown at this  tim e
7/17/15,0  9  / 1  8  / 2  0  15,0  7  / 2  1  / 2  0  15,Boeing Com pany,Long Beac h,113,Layof f  Unk nown at this  tim e
7/17/15,0  9  / 1  8  / 2  0  15,0  7  / 2  1  / 2  0  15,Boeing Com pany,El Segundo,66,Layof f  Unk nown at this  tim e
7/17/15,0  9  / 2  5  / 2  0  15,0  7  / 2  1  / 2  0  15,Maxim  Integrated Produc t,San J os e,11,Layof f  Perm anent
7/17/15,0  9  / 2  6  / 2  0  15,0  7  / 2  1  / 2  0  15,"DS Servic es  of  Am eric a, Inc .",Los  Angeles,120,Clos ure Perm anent
7/17/15,0  9  / 2  6  / 2  0  15,0  7  / 2  1  / 2  0  15,"DS Servic es  of  Am eric a, Inc .",Pas adena,200,Clos ure Perm anent
7/20/15,0  9  / 1  8  / 2  0  15,0  7  / 2  1  / 2  0  15,"Minno, Inc .",San Franc is c o,255,Clos ure Perm anent
7/20/15,0  9  / 1  8  / 2  0  15,0  7  / 2  1  / 2  0  15,"Saf eway, Inc .",Pleas anton,14,Layof f  Unk nown at this  tim e
7/15/15,0  9  / 1  5  / 2  0  15,0  7  / 2  2  / 2  0  15,"O ak ley, Inc .",Foothill Ranc h,137,Layof f  Unk nown at this  tim e
7/15/15,0  9  / 1  5  / 2  0  15,0  7  / 2  2  / 2  0  15,"O ak ley, Inc .",Lak e Fores t,22,Layof f  Unk nown at this  tim e
7/15/15,0  9  / 1  5  / 2  0  15,0  7  / 2  2  / 2  0  15,"O ak ley, Inc .",Enc initas,8,Layof f  Unk nown at this  tim e
7/20/15,1  2  / 3  1  / 2  0  17,0  7  / 2  2  / 2  0  15,T oyota Motor North Am eric a,G ardena,100,Clos ure Perm anent
7/20/15,1  2  / 3  1  / 2  0  17,0  7  / 2  2  / 2  0  15,T oyota Motor North Am eric a,T orranc e,3000,Clos ure Perm anent
7/21/15,0  7  / 2  2  / 2  0  15,0  7  / 2  2  / 2  0  15,"Cis c o Sys tem s , Inc .",San J os e,192,Layof f  Perm anent
7/20/15,0  9  / 3  0  / 2  0  15,0  7  / 2  3  / 2  0  15,"IAP W orldwide Servic es , Inc .",Mountain View,67,Layof f  Perm anent
7/21/15,0  9  / 1  5  / 2  0  15,0  7  / 2  3  / 2  0  15,Pres s e LLC dba Caf e de la Pres s e and,San Franc is c o,85,Clos ure T em porary
7/10/15,1  0  / 0  4  / 2  0  15,0  7  / 2  4  / 2  0  15,Sears  Holdings  Corporation,Cupertino,81,Clos ure Perm anent
7/10/15,1  0  / 0  4  / 2  0  15,0  7  / 2  4  / 2  0  15,Sears  Holdings  Corporation,Cupertino,17,Clos ure Perm anent
7/14/15,0  9  / 1  4  / 2  0  15,0  7  / 2  4  / 2  0  15,"As s oc iate Managem ent Res ourc es , Inc .",San Diego,533,Clos ure Perm anent
7/10/15,1  0  / 1  1  / 2  0  15,0  7  / 2  7  / 2  0  15,Km art,Atwater,74,Clos ure Perm anent
7/27/15,0  9  / 2  5  / 2  0  15,0  7  / 2  7  / 2  0  15,"Saf eway, Inc .",Pleas anton,37,Layof f  Unk nown at this  tim e
7/27/15,0  9  / 3  0  / 2  0  15,0  7  / 2  9  / 2  0  15,"Hank  Fis her Properties , Inc . - Chateau at",Carm ic hael,57,Layof f  Perm anent
7/27/15,0  9  / 3  0  / 2  0  15,0  7  / 2  9  / 2  0  15,"Hank  Fis her Properties , Inc . - Chateau",Sac ram ento,42,Layof f  Perm anent
7/27/15,0  9  / 3  0  / 2  0  15,0  7  / 2  9  / 2  0  15,"Hank  Fis her Properties , Inc . - River' s",Sac ram ento,34,Layof f  Perm anent
7/27/15,0  9  / 3  0  / 2  0  15,0  7  / 2  9  / 2  0  15,"Hank  Fis her Properties , Inc . - T he",Sac ram ento,89,Layof f  Perm anent
7/27/15,1  0  / 1  5  / 2  0  15,0  7  / 2  9  / 2  0  15,"Hank  Fis her Properties , Inc .",Sac ram ento,7,Layof f  Perm anent
7/27/15,1  2  / 3  1  / 2  0  15,0  7  / 2  9  / 2  0  15,"Hank  Fis her Properties , Inc . - Leis ure",Sac ram ento,13,Layof f  Perm anent
7/29/15,0  9  / 3  0  / 2  0  15,0  7  / 2  9  / 2  0  15,SPS Dis tribution Center,Pas o Robles,8,Clos ure Perm anent
7/23/15,0  7  / 3  1  / 2  0  15,0  7  / 3  0  / 2  0  15,"T urf  T erm inators , LLC",Los  Angeles,94,Layof f  Perm anent
7/29/15,0  7  / 2  8  / 2  0  15,0  7  / 3  0  / 2  0  15,Relativity Media,Beverly Hills,33,Layof f  Perm anent
7/29/15,0  7  / 2  8  / 2  0  15,0  7  / 3  0  / 2  0  15,Relativity Media,Beverly Hills,28,Layof f  Perm anent
7/29/15,0  9  / 2  8  / 2  0  15,0  7  / 3  0  / 2  0  15,"Buc a Res taurants  2, Inc .(CANC ELLED)* *",Santa Monic a,61,Clos ure Perm anent
7/30/15,0  9  / 3  0  / 2  0  15,0  7  / 3  0  / 2  0  15,United T ec hnologies  Corporation,San Diego,21,Clos ure Perm anent
7/28/15,0  9  / 2  6  / 2  0  15,0  7  / 3  1  / 2  0  15,"Kixeye, Inc .",San Franc is c o,62,Layof f  Perm anent
7/31/15,1  0  / 0  2  / 2  0  15,0  7  / 3  1  / 2  0  15,Bos ton Sc ientif ic  Corporation,Frem ont,284,Clos ure Perm anent
7/31/15,1  0  / 0  2  / 2  0  15,0  7  / 3  1  / 2  0  15,Bos ton Sc ientif ic  Corporation,San J os e,171,Clos ure Perm anent
7/20/15,0  9  / 3  0  / 2  0  15,0  8  / 0  3  / 2  0  15,Ruan T rans portation Corporation,Ripon,78,Clos ure Perm anent
7/27/15,0  9  / 3  0  / 2  0  15,0  8  / 0  3  / 2  0  15,Arm s trong Growers,San J uan,56,Clos ure Perm anent
7/28/15,0  9  / 2  8  / 2  0  15,0  8  / 0  3  / 2  0  15,CR  Briggs  Corporation,T rona,5,Layof f  Perm anent
7/29/15,0  8  / 0  3  / 2  0  15,0  8  / 0  3  / 2  0  15,Molyc orp Minerals  LLC,Mountain Pas s,474,Layof f  Perm anent
7/30/15,0  9  / 3  0  / 2  0  15,0  8  / 0  3  / 2  0  15,Binder & Binder,O range,70,Clos ure Perm anent
7/31/15,0  9  / 3  0  / 2  0  15,0  8  / 0  3  / 2  0  15,"Dris c oll' s  Strawberry As s oc iates , Inc .",Salinas,38,Clos ure Perm anent
7/27/15,1  0  / 2  3  / 2  0  15,0  8  / 0  4  / 2  0  15,Hilton San Franc is c o Union Square,San Franc is c o,78,Layof f  Perm anent
8/3/15,1  0  / 0  5  / 2  0  15,0  8  / 0  4  / 2  0  15,O wens -Broc k way Glas s  Container Inc .,O ak land,202,Clos ure Perm anent
7/30/15,0  7  / 3  0  / 2  0  15,0  8  / 0  5  / 2  0  15,Abbott Vas c ular,T em ec ula,133,Layof f  Perm anent
7/30/15,0  7  / 3  0  / 2  0  15,0  8  / 0  5  / 2  0  15,Abbott Vas c ular,T em ec ula,3,Layof f  Perm anent
7/30/15,0  7  / 3  0  / 2  0  15,0  8  / 0  5  / 2  0  15,Abbott Vas c ular,T em ec ula,27,Layof f  Perm anent
7/30/15,0  7  / 3  0  / 2  0  15,0  8  / 0  5  / 2  0  15,Abbott Vas c ular,Santa Clara,81,Layof f  Perm anent
8/4/15,0  9  / 1  1  / 2  0  15,0  8  / 0  7  / 2  0  15,"Anna' s  Linens , Inc .",Cos ta Mes a,29,Clos ure Perm anent
7/31/15,1  0  / 0  2  / 2  0  15,0  8  / 1  0  / 2  0  15,Boeing Com pany,Long Beac h,8,Layof f  Unk nown at this  tim e
8/10/15,1  0  / 0  9  / 2  0  15,0  8  / 1  0  / 2  0  15,"Saf eway, Inc .",Pleas anton,37,Layof f  Unk nown at this  tim e
8/4/15,1  0  / 0  5  / 2  0  15,0  8  / 1  1  / 2  0  15,"CG R/T hom ps on Indus tries , Inc .",Fullerton,102,Clos ure Perm anent
8/10/15,1  0  / 1  5  / 2  0  15,0  8  / 1  2  / 2  0  15,"BI NU T RAC EUT ICALS, INC.",Long Beac h,54,Layof f  Perm anent
8/5/15,0  9  / 3  0  / 2  0  15,0  8  / 1  3  / 2  0  15,"Lyris , Inc .",Em eryville,72,Layof f  Perm anent
8/5/15,0  9  / 3  0  / 2  0  15,0  8  / 1  3  / 2  0  15,"Lyris , Inc .",Santa Clara,7,Layof f  Perm anent
8/5/15,1  0  / 0  9  / 2  0  15,0  8  / 1  3  / 2  0  15,Ralphs  Groc ery Com pany,Pic o Rivera,67,Layof f  Perm anent
8/12/15,1  0  / 1  2  / 2  0  15,0  8  / 1  3  / 2  0  15,Chevron,San Ram on,430,Layof f  Perm anent
8/12/15,1  0  / 1  2  / 2  0  15,0  8  / 1  3  / 2  0  15,Chevron,Ric hm ond,70,Layof f  Perm anent
8/12/15,1  0  / 1  6  / 2  0  15,0  8  / 1  3  / 2  0  15,Q ues t Diagnos tic s  Inc orporated,San J os e,78,Layof f  Perm anent
8/13/15,1  0  / 2  3  / 2  0  15,0  8  / 1  3  / 2  0  15,Motorola Mobility LLC,Sunnyvale,213,Layof f  Perm anent
8/14/15,1  0  / 1  4  / 2  0  15,0  8  / 1  4  / 2  0  15,"Raytheon Intelligenc e, Inf orm ation &",Chula Vis ta,41,Clos ure Unk nown at this  tim e
8/14/15,1  0  / 1  3  / 2  0  15,0  8  / 1  7  / 2  0  15,"Haggen, Inc . (Store #2154)",Newbury Park,38,Clos ure Perm anent
8/14/15,1  0  / 1  3  / 2  0  15,0  8  / 1  7  / 2  0  15,"Haggen, Inc . (Store #2157)",Sim i Valley,48,Clos ure Perm anent
8/14/15,1  0  / 1  3  / 2  0  15,0  8  / 1  7  / 2  0  15,"Haggen, Inc . (Store #2199)",Sim i Valley,53,Clos ure Perm anent
8/14/15,1  0  / 1  3  / 2  0  15,0  8  / 1  7  / 2  0  15,"Haggen, Inc . (Store #2201)",Irvine,47,Clos ure Perm anent
8/14/15,1  0  / 1  3  / 2  0  15,0  8  / 1  7  / 2  0  15,"Haggen, Inc . (Store #2203)",Mis s ion Viej o,41,Clos ure Perm anent
8/14/15,1  0  / 1  3  / 2  0  15,0  8  / 1  7  / 2  0  15,"Haggen, Inc . (Store #2213)",Santa Clarita,33,Clos ure Perm anent
8/14/15,1  0  / 1  3  / 2  0  15,0  8  / 1  7  / 2  0  15,"Haggen, Inc . (Store #2215)",T us tin,33,Clos ure Perm anent
8/14/15,1  0  / 1  3  / 2  0  15,0  8  / 1  7  / 2  0  15,"Haggen, Inc . (Store #2216)",T us tin,36,Clos ure Perm anent
8/12/15,1  0  / 1  6  / 2  0  15,0  8  / 1  8  / 2  0  15,Sk y Aeros pac e Produc ts,Los  Angeles,53,Clos ure Perm anent
8/13/15,1  0  / 1  6  / 2  0  15,0  8  / 1  8  / 2  0  15,Ralphs  Groc ery Com pany,Herm os a Beac h,74,Layof f  Perm anent
8/14/15,1  0  / 1  3  / 2  0  15,0  8  / 1  8  / 2  0  15,"Haggen, Inc . (Store #2183)",El Caj on,49,Clos ure Perm anent
8/14/15,1  0  / 1  3  / 2  0  15,0  8  / 1  8  / 2  0  15,"Haggen, Inc . (Store #2185)",La Mes a,37,Clos ure Perm anent
8/14/15,1  0  / 1  3  / 2  0  15,0  8  / 1  8  / 2  0  15,"Haggen, Inc . (Store #2191)",San Marc os,36,Clos ure Perm anent
8/14/15,1  0  / 1  3  / 2  0  15,0  8  / 1  8  / 2  0  15,"Haggen, Inc . (Store #2193)",Chula Vis ta,37,Clos ure Perm anent
8/14/15,1  0  / 1  3  / 2  0  15,0  8  / 1  8  / 2  0  15,"Haggen, Inc . (Store #2194)",Chula Vis ta,31,Clos ure Perm anent
8/14/15,1  0  / 1  3  / 2  0  15,0  8  / 1  8  / 2  0  15,"Haggen, Inc . (Store #2207)",San Ys idro,41,Clos ure Perm anent
8/14/15,1  0  / 1  3  / 2  0  15,0  8  / 1  8  / 2  0  15,"Haggen, Inc . (Store #2208)",Bak ers f ield,36,Clos ure Perm anent
8/14/15,1  0  / 1  3  / 2  0  15,0  8  / 1  8  / 2  0  15,"Haggen, Inc . (Store #2210)",Los  Os os,24,Clos ure Perm anent
8/14/15,1  0  / 2  5  / 2  0  15,0  8  / 1  8  / 2  0  15,Ralphs  Groc ery Com pany,Santa Ana,75,Layof f  Perm anent
8/14/15,1  0  / 2  7  / 2  0  15,0  8  / 1  8  / 2  0  15,USS-PO SCO  Indus tries,Pitts burg,661,Layof f  T em porary
8/6/15,1  0  / 3  0  / 2  0  15,0  8  / 1  9  / 2  0  15,Zim m er Biom et Dental (As ton),Carls bad,97,Clos ure Perm anent
8/6/15,1  0  / 3  0  / 2  0  15,0  8  / 1  9  / 2  0  15,Zim m er Biom et Dental (El Cam ino),Carls bad,172,Clos ure Perm anent
8/6/15,1  0  / 3  0  / 2  0  15,0  8  / 1  9  / 2  0  15,"Zim m er Biom et, Inc . (Darwin Ct)",Carls bad,10,Clos ure Perm anent
8/18/15,1  0  / 1  8  / 2  0  15,0  8  / 1  9  / 2  0  15,"KND  Developm ent 53, L.L.C., d/b/a",Hawaiian Gardens,94,Clos ure Perm anent
8/17/15,1  0  / 1  6  / 2  0  15,0  8  / 2  1  / 2  0  15,"Soitec  Solar Indus tries , LLC",San Diego,100,Clos ure Perm anent
8/20/15,1  0  / 1  9  / 2  0  15,0  8  / 2  1  / 2  0  15,Saf eway,W alnut Creek,63,Clos ure Perm anent
8/20/15,1  0  / 2  2  / 2  0  15,0  8  / 2  1  / 2  0  15,XO MA (US) LLC,Berk eley,39,Layof f  Perm anent
8/21/15,1  0  / 2  3  / 2  0  15,0  8  / 2  1  / 2  0  15,"W es tern Digital T ec hnologies , Inc .",Mountain View,56,Layof f  Perm anent
8/21/15,1  0  / 2  3  / 2  0  15,0  8  / 2  1  / 2  0  15,"W es tern Digital T ec hnologies , Inc .",Irvine,81,Layof f  Perm anent
8/20/15,1  0  / 2  5  / 2  0  15,0  8  / 2  4  / 2  0  15,Silgan Containers,Riverbank,180,Layof f  T em porary
8/21/15,1  0  / 2  3  / 2  0  15,0  8  / 2  5  / 2  0  15,Boeing Com pany,Huntington Beac h,26,Layof f  Unk nown at this  tim e
8/21/15,1  0  / 2  3  / 2  0  15,0  8  / 2  5  / 2  0  15,Boeing Com pany,Long Beac h,113,Layof f  Unk nown at this  tim e
8/21/15,1  0  / 2  3  / 2  0  15,0  8  / 2  5  / 2  0  15,Boeing Com pany,El Segundo,39,Layof f  Unk nown at this  tim e
8/24/15,1  0  / 3  1  / 2  0  15,0  8  / 2  5  / 2  0  15,"Mes a Beverage Co., Inc .",Santa Ros a,137,Layof f  Perm anent
8/25/15,1  0  / 2  4  / 2  0  15,0  8  / 2  6  / 2  0  15,"Patina Group NewCo, LLC.",Los  Angeles,317,Layof f  Unk nown at this  tim e
8/27/15,0  8  / 3  1  / 2  0  15,0  8  / 2  7  / 2  0  15,"VT  W es t, Inc .",La Mirada,68,Layof f  Perm anent
8/25/15,1  0  / 2  6  / 2  0  15,0  8  / 2  8  / 2  0  15,Intuit Inc .,San Diego,9,Layof f  Perm anent
8/25/15,1  0  / 2  6  / 2  0  15,0  8  / 2  8  / 2  0  15,Intuit Inc .,Menlo Park,8,Layof f  Perm anent
8/25/15,1  0  / 2  6  / 2  0  15,0  8  / 2  8  / 2  0  15,Intuit Inc .,San Franc is c o,2,Layof f  Perm anent
8/25/15,1  0  / 2  6  / 2  0  15,0  8  / 2  8  / 2  0  15,Intuit Inc .,W oodland Hills,46,Layof f  Perm anent
8/25/15,1  0  / 2  6  / 2  0  15,0  8  / 2  8  / 2  0  15,Intuit Inc .,Mountain View,45,Layof f  Perm anent
8/27/15,1  0  / 3  0  / 2  0  15,0  8  / 2  8  / 2  0  15,Sheraton Operating Corporation,Palm  Des ert,124,Layof f  Perm anent
8/25/15,1  1  / 0  7  / 2  0  15,0  8  / 3  1  / 2  0  15,San J os e Airport G arden Hotel,San J os e,123,Clos ure Perm anent
8/31/15,1  0  / 3  0  / 2  0  15,0  8  / 3  1  / 2  0  15,Saf eway Inc .,Pleas anton,5,Layof f  Unk nown at this  tim e
8/28/15,1  0  / 3  0  / 2  0  15,0  9  / 0  1  / 2  0  15,Boeing Com pany,Long Beac h,2,Layof f  Unk nown at this  tim e
8/28/15,1  0  / 3  0  / 2  0  15,0  9  / 0  1  / 2  0  15,Boeing Com pany,Huntington Beac h,6,Layof f  Unk nown at this  tim e
8/28/15,1  0  / 3  0  / 2  0  15,0  9  / 0  1  / 2  0  15,Boeing Com pany,El Segundo,106,Layof f  Unk nown at this  tim e
8/28/15,1  1  / 0  1  / 2  0  15,0  9  / 0  1  / 2  0  15,"Kor Hotel Managem ent, LLC dba Vic eroy",San Franc is c o,47,Clos ure T em porary
9/1/15,1  1  / 0  2  / 2  0  15,0  9  / 0  2  / 2  0  15,"M.E. Fox & Com pany, Inc .",San J os e,127,Layof f  Perm anent
9/1/15,1  1  / 0  3  / 2  0  15,0  9  / 0  3  / 2  0  15,Sheraton Operating Corporation,Dana Point,610,Clos ure T em porary
8/24/15,1  0  / 2  3  / 2  0  15,0  9  / 0  4  / 2  0  15,"Park  'N  Fly San Diego and Park  'N  Fly,",San Diego,71,Layof f  Perm anent
9/2/15,1  1  / 0  6  / 2  0  15,0  9  / 0  4  / 2  0  15,"Ac c larent, Inc .",Menlo Park,114,Layof f  Unk nown at this  tim e
9/3/15,1  0  / 3  0  / 2  0  15,0  9  / 0  4  / 2  0  15,FAMIMA Corporation,T orranc e,9,Layof f  Unk nown at this  tim e
9/3/15,1  0  / 3  0  / 2  0  15,0  9  / 0  4  / 2  0  15,FAMIMA Corporation,Santa Monic a,12,Layof f  Unk nown at this  tim e
9/3/15,1  0  / 3  0  / 2  0  15,0  9  / 0  4  / 2  0  15,FAMIMA Corporation (700 W ils hire s tore),Los  Angeles,10,Layof f  Unk nown at this  tim e
9/3/15,1  0  / 3  0  / 2  0  15,0  9  / 0  4  / 2  0  15,FAMIMA Corporation (Broadway Arc ade,Los  Angeles,9,Layof f  Unk nown at this  tim e
9/3/15,1  0  / 3  0  / 2  0  15,0  9  / 0  4  / 2  0  15,FAMIMA Corporation (City National,Los  Angeles,4,Layof f  Unk nown at this  tim e
9/3/15,1  0  / 3  0  / 2  0  15,0  9  / 0  4  / 2  0  15,FAMIMA Corporation (Pac if ic  Center,Los  Angeles,11,Layof f  Unk nown at this  tim e
9/3/15,1  0  / 3  0  / 2  0  15,0  9  / 0  4  / 2  0  15,FAMIMA Corporation (Roos evelt s tore),Los  Angeles,9,Layof f  Unk nown at this  tim e
9/3/15,1  0  / 3  0  / 2  0  15,0  9  / 0  4  / 2  0  15,FAMIMA Corporation (T wo Calif ornia,Los  Angeles,10,Layof f  Unk nown at this  tim e
9/3/15,1  0  / 3  0  / 2  0  15,0  9  / 0  4  / 2  0  15,FAMIMA Corporation (Union Station,Los  Angeles,20,Layof f  Unk nown at this  tim e
9/3/15,1  1  / 0  2  / 2  0  15,0  9  / 0  4  / 2  0  15,MiaSole Hi-T ec h Corp. (Santa Clara-,Santa Clara,1,Layof f  Perm anent
9/3/15,1  1  / 0  2  / 2  0  15,0  9  / 0  4  / 2  0  15,MiaSole Hi-T ec h Corp. (Santa Clara-,Santa Clara,64,Layof f  Perm anent
9/3/15,1  1  / 0  2  / 2  0  15,0  9  / 0  4  / 2  0  15,MiaSole Hi-T ec h Corp. (Sunnyvale-,Sunnyvale,14,Layof f  Perm anent
8/28/15,0  8  / 2  5  / 2  0  15,0  9  / 0  8  / 2  0  15,BAE SYST EMS,San Franc is c o,134,Layof f  T em porary
9/2/15,1  1  / 0  6  / 2  0  15,0  9  / 1  0  / 2  0  15,Mentor W orldwide LLC,Santa Barbara,81,Layof f  Unk nown at this  tim e
9/10/15,1  1  / 0  9  / 2  0  15,0  9  / 1  0  / 2  0  15,"Collec to, Inc . dba EOS CCA",Novato,45,Clos ure Perm anent
9/10/15,1  1  / 1  0  / 2  0  15,0  9  / 1  0  / 2  0  15,"W es tern Digital T ec hnologies , Inc .",Irvine,143,Layof f  Perm anent
9/1/15,1  1  / 0  1  / 2  0  15,0  9  / 1  1  / 2  0  15,Zenith Educ ation Group,Santa Ana,18,Layof f  Perm anent
9/4/15,0  9  / 0  4  / 2  0  15,0  9  / 1  1  / 2  0  15,"Q uik s ilver, Inc .",Huntington Beac h,77,Layof f  Perm anent
9/4/15,1  1  / 0  6  / 2  0  15,0  9  / 1  4  / 2  0  15,Boeing Com pany,Long Beac h,2,Layof f  Unk nown at this  tim e
9/10/15,1  1  / 0  9  / 2  0  15,0  9  / 1  4  / 2  0  15,Seagate US LLC,Cupertino,62,Layof f  Perm anent
9/11/15,0  9  / 1  4  / 2  0  15,0  9  / 1  4  / 2  0  15,"Cis c o Sys tem s , Inc .",San J os e,20,Layof f  Perm anent
9/11/15,0  9  / 2  9  / 2  0  15,0  9  / 1  4  / 2  0  15,AT &T,San Ram on,219,Layof f  Perm anent
9/15/15,0  7  / 2  0  / 2  0  15,0  9  / 1  6  / 2  0  15,"G REE International, Inc .",San Franc is c o,114,Layof f  Unk nown at this  tim e
9/15/15,1  1  / 1  4  / 2  0  15,0  9  / 1  6  / 2  0  15,Brak e Parts  Inc .,Chowc hilla,107,Layof f  Perm anent
9/16/15,0  9  / 1  7  / 2  0  15,0  9  / 1  6  / 2  0  15,"Halliburton Energy Servic es , Inc .",Bak ers f ield,52,Layof f  Perm anent
9/15/15,0  9  / 3  0  / 2  0  15,0  9  / 1  7  / 2  0  15,CareFus ion (Pac if ic  Mes a),San Diego,19,Layof f  Perm anent
9/15/15,0  9  / 3  0  / 2  0  15,0  9  / 1  7  / 2  0  15,CareFus ion (T orrey View),San Diego,76,Layof f  Perm anent
9/17/15,1  1  / 2  0  / 2  0  15,0  9  / 1  7  / 2  0  15,Q ualc om m  Inc orporated,San J os e,10,Layof f  Perm anent
9/17/15,1  1  / 2  0  / 2  0  15,0  9  / 1  7  / 2  0  15,Q ualc om m  Inc orporated,San J os e,14,Layof f  Perm anent
9/17/15,1  1  / 2  0  / 2  0  15,0  9  / 1  7  / 2  0  15,Q ualc om m  Inc orporated,San J os e,36,Layof f  Perm anent
9/17/15,1  1  / 2  0  / 2  0  15,0  9  / 1  7  / 2  0  15,Q ualc om m  Inc orporated,Santa Clara,70,Layof f  Perm anent
9/14/15,1  1  / 2  0  / 2  0  15,0  9  / 1  8  / 2  0  15,AbilityFirs t,W oodland Hills,105,Clos ure Perm anent
9/17/15,1  1  / 2  0  / 2  0  15,0  9  / 1  8  / 2  0  15,Q ualc om m  Inc orporated,San Diego,33,Layof f  Perm anent
9/17/15,1  1  / 2  0  / 2  0  15,0  9  / 1  8  / 2  0  15,Q ualc om m  Inc orporated,San Diego,17,Layof f  Perm anent
9/17/15,1  1  / 2  0  / 2  0  15,0  9  / 1  8  / 2  0  15,Q ualc om m  Inc orporated,Carls bad,1,Layof f  Perm anent
9/17/15,1  1  / 2  0  / 2  0  15,0  9  / 1  8  / 2  0  15,Q ualc om m  Inc orporated,San Diego,9,Layof f  Perm anent
9/17/15,1  1  / 2  0  / 2  0  15,0  9  / 1  8  / 2  0  15,Q ualc om m  Inc orporated,San Diego,30,Layof f  Perm anent
9/17/15,1  1  / 2  0  / 2  0  15,0  9  / 1  8  / 2  0  15,Q ualc om m  Inc orporated,San Diego,40,Layof f  Perm anent
9/17/15,1  1  / 2  0  / 2  0  15,0  9  / 1  8  / 2  0  15,Q ualc om m  Inc orporated,San Diego,358,Layof f  Perm anent
9/17/15,1  1  / 2  0  / 2  0  15,0  9  / 1  8  / 2  0  15,Q ualc om m  Inc orporated,San Diego,158,Layof f  Perm anent
9/17/15,1  1  / 2  0  / 2  0  15,0  9  / 1  8  / 2  0  15,Q ualc om m  Inc orporated,San Diego,35,Layof f  Perm anent
9/17/15,1  1  / 2  0  / 2  0  15,0  9  / 1  8  / 2  0  15,Q ualc om m  Inc orporated,San Diego,6,Layof f  Perm anent
9/17/15,1  1  / 2  0  / 2  0  15,0  9  / 1  8  / 2  0  15,Q ualc om m  Inc orporated,San Diego,227,Layof f  Perm anent
9/17/15,1  1  / 2  0  / 2  0  15,0  9  / 1  8  / 2  0  15,Q ualc om m  Inc orporated,San Diego,9,Layof f  Perm anent
9/17/15,1  1  / 2  0  / 2  0  15,0  9  / 1  8  / 2  0  15,Q ualc om m  Inc orporated,San Diego,21,Layof f  Perm anent
9/17/15,1  1  / 2  0  / 2  0  15,0  9  / 1  8  / 2  0  15,Q ualc om m  Inc orporated,San Diego,14,Layof f  Perm anent
9/17/15,1  1  / 2  0  / 2  0  15,0  9  / 1  8  / 2  0  15,Q ualc om m  Inc orporated,San Diego,208,Layof f  Perm anent
9/17/15,1  1  / 2  0  / 2  0  15,0  9  / 1  8  / 2  0  15,Q ualc om m  Inc orporated,San Diego,65,Layof f  Perm anent
9/17/15,1  1  / 2  0  / 2  0  15,0  9  / 1  8  / 2  0  15,Q ualc om m  Inc orporated,San Diego,80,Layof f  Perm anent
9/17/15,1  1  / 2  0  / 2  0  15,0  9  / 1  8  / 2  0  15,Q ualc om m  Inc orporated,San Diego,3,Layof f  Perm anent
9/11/15,1  1  / 1  3  / 2  0  15,0  9  / 2  1  / 2  0  15,Boeing Com pany,El Segundo,3,Layof f  T em porary
9/16/15,1  1  / 1  6  / 2  0  15,0  9  / 2  2  / 2  0  15,Intuit Inc .,W oodland Hills,12,Layof f  Perm anent
9/16/15,1  1  / 2  0  / 2  0  15,0  9  / 2  2  / 2  0  15,Ralphs  Groc ery Com pany,G lendora,73,Layof f  Perm anent
9/17/15,1  1  / 1  6  / 2  0  15,0  9  / 2  2  / 2  0  15,MCC  BB Property LLC,Santa Barbara,23,Layof f  Perm anent
9/21/15,1  1  / 2  2  / 2  0  15,0  9  / 2  2  / 2  0  15,T G I Friday' s,Valenc ia,62,Clos ure Perm anent
9/24/15,0  1  / 0  6  / 2  0  16,0  9  / 2  4  / 2  0  15,Medtronic  Dis tribution,Mira Lom a,21,Layof f  Perm anent
9/24/15,1  1  / 2  3  / 2  0  15,0  9  / 2  4  / 2  0  15,"Bridgepoint Educ ation, Inc .",San Diego,19,Layof f  Perm anent
9/18/15,1  1  / 2  0  / 2  0  15,0  9  / 2  8  / 2  0  15,Boeing Com pany,El Segundo,54,Layof f  Perm anent
9/18/15,1  1  / 2  0  / 2  0  15,0  9  / 2  8  / 2  0  15,Boeing Com pany,Long Beac h,37,Layof f  Perm anent
9/18/15,1  1  / 2  0  / 2  0  15,0  9  / 2  8  / 2  0  15,Boeing Com pany,Huntington Beac h,23,Layof f  Perm anent
9/21/15,1  1  / 2  0  / 2  0  15,0  9  / 2  8  / 2  0  15,Saf eway Inc .,Pleas anton,15,Layof f  Unk nown at this  tim e
9/24/15,1  1  / 2  7  / 2  0  15,0  9  / 2  8  / 2  0  15,"Bric e Manuf ac turing Com pany, Inc .",Pac oim a,9,Layof f  Perm anent
9/28/15,1  1  / 2  7  / 2  0  15,0  9  / 2  8  / 2  0  15,"Saf eway, Inc .",Pleas anton,4,Layof f  Unk nown at this  tim e
9/24/15,0  9  / 2  4  / 2  0  15,0  9  / 2  9  / 2  0  15,"Spac e Sys tem s /Loral, LLC",Palo Alto,90,Layof f  Perm anent
9/25/15,1  1  / 2  3  / 2  0  15,0  9  / 2  9  / 2  0  15,Flags hip Food Group,Chats worth,123,Clos ure Perm anent
9/30/15,0  5  / 0  1  / 2  0  16,0  9  / 3  0  / 2  0  15,Pac k aging Advantage Corporation DBA,Los  Angeles,192,Clos ure Perm anent
9/30/15,1  1  / 3  0  / 2  0  15,0  9  / 3  0  / 2  0  15,"San Diego Sports , LLC",San Diego,123,Clos ure Perm anent
9/30/15,1  1  / 3  0  / 2  0  15,0  9  / 3  0  / 2  0  15,United T ec hnologies  Corporation,San Diego,7,Clos ure Perm anent
9/28/15,1  1  / 2  7  / 2  0  15,1  0  / 0  1  / 2  0  15,"MobiT V, Inc .",Em eryville,54,Layof f  Perm anent
9/30/15,1  1  / 3  0  / 2  0  15,1  0  / 0  1  / 2  0  15,"SunEdis on, Inc .",Belm ont,51,Layof f  Perm anent
9/30/15,1  1  / 3  0  / 2  0  16,1  0  / 0  1  / 2  0  15,"SunEdis on, Inc .",San Franc is c o,11,Layof f  Perm anent
9/30/15,1  2  / 0  4  / 2  0  15,1  0  / 0  1  / 2  0  15,Firem an' s  Fund Ins uranc e Com pany,Novato,73,Layof f  Perm anent
9/24/15,1  2  / 0  1  / 2  0  15,1  0  / 0  2  / 2  0  15,Menzies  Aviation,Los  Angeles,51,Layof f  Perm anent
10/1/15,0  1  / 1  6  / 2  0  16,1  0  / 0  2  / 2  0  15,"Kohl' s  Departm ent Stores , Inc .",Santa Clara,119,Clos ure Perm anent
10/2/15,1  0  / 0  2  / 2  0  15,1  0  / 0  2  / 2  0  15,"Aerotek , Inc .",O xnard,58,Layof f  Unk nown at this  tim e
9/29/15,1  1  / 3  0  / 2  0  15,1  0  / 0  5  / 2  0  15,"Kythera Biopharm ac eutic als , Inc .",W es tlak e Village,117,Layof f  Perm anent
10/2/15,1  1  / 0  5  / 2  0  15,1  0  / 0  5  / 2  0  15,"G MRI, Inc .",Los  Angeles,83,Clos ure Perm anent
10/2/15,1  2  / 0  4  / 2  0  15,1  0  / 0  5  / 2  0  15,Svenhard' s  Swedis h Bak ery,O ak land,162,Clos ure Perm anent
10/5/15,1  2  / 0  5  / 2  0  15,1  0  / 0  6  / 2  0  15,Marine T erm inal Corporation,Los  Angeles,136,Clos ure Perm anent
10/5/15,1  2  / 0  5  / 2  0  15,1  0  / 0  6  / 2  0  15,Marine T erm inal Corporation,O ak land,39,Clos ure Perm anent
10/6/15,1  2  / 0  7  / 2  0  15,1  0  / 0  8  / 2  0  15,MullinT BG,El Segundo,50,Layof f  Perm anent
10/6/15,1  2  / 0  7  / 2  0  15,1  0  / 0  8  / 2  0  15,MullinT BG,Irvine,3,Layof f  Perm anent
10/8/15,0  9  / 2  5  / 2  0  15,1  0  / 0  8  / 2  0  15,"O nyx Pharm ac eutic als , Inc",South San,377,Clos ure Perm anent
10/6/15,1  2  / 0  5  / 2  0  15,1  0  / 0  9  / 2  0  15,"Ports  Am eric a Shared Servic es , Inc .",T erm inal Is land,7,Layof f  Perm anent
10/6/15,1  2  / 0  5  / 2  0  15,1  0  / 0  9  / 2  0  15,"Ports  Am eric a Shared Servic es , Inc .",O ak land,4,Layof f  Perm anent
10/7/15,1  1  / 2  4  / 2  0  15,1  0  / 0  9  / 2  0  15,T riple B Corporation,Irwindale,124,Clos ure Perm anent
10/6/15,1  2  / 0  6  / 2  0  15,1  0  / 1  2  / 2  0  15,"Apro Dis tribution, LLC",G ardena,61,Layof f  Perm anent
10/7/15,1  2  / 0  7  / 2  0  15,1  0  / 1  2  / 2  0  15,Southern Calif ornia Edis on Com pany,Irwindale,32,Layof f  Perm anent
10/8/15,1  2  / 2  8  / 2  0  15,1  0  / 1  2  / 2  0  15,Barc lays  Capital Inc .,San Franc is c o,20,Layof f  Perm anent
10/8/15,1  2  / 2  8  / 2  0  15,1  0  / 1  2  / 2  0  15,Barc lays  Capital Inc .,Los  Angeles,15,Layof f  Perm anent
10/1/15,1  2  / 0  7  / 2  0  15,1  0  / 1  3  / 2  0  15,G eneral Dynam ic s  Advanc ed Inf orm ation,T hous and Oaks,55,Clos ure Perm anent
10/13/15,1  2  / 1  8  / 2  0  15,1  0  / 1  3  / 2  0  15,"W D Media, LLC",San J os e,2,Layof f  Perm anent
10/13/15,1  2  / 1  8  / 2  0  15,1  0  / 1  3  / 2  0  15,"W es tern Digital, LLC",Frem ont,109,Layof f  Perm anent
9/29/15,1  0  / 1  4  / 2  0  15,1  0  / 1  4  / 2  0  15,"T T M T ec hnologies , Inc .",Milpitas,175,Clos ure Unk nown at this  tim e
10/1/15,1  2  / 0  1  / 2  0  15,1  0  / 1  4  / 2  0  15,Zenith Educ ation Group,Santa Ana,48,Layof f  Perm anent
10/12/15,1  2  / 1  1  / 2  0  15,1  0  / 1  4  / 2  0  15,"Roc k well Collins , Inc .",Poway,29,Layof f  Perm anent
10/12/15,1  2  / 1  3  / 2  0  15,1  0  / 1  4  / 2  0  15,"T witter, Inc .",San Franc is c o,240,Layof f  Perm anent
10/14/15,1  2  / 1  9  / 2  0  15,1  0  / 1  4  / 2  0  15,G ENC O,Eas tvale,68,Layof f  Perm anent
10/1/15,1  1  / 3  0  / 2  0  15,1  0  / 1  5  / 2  0  15,Boeing Com pany,Long Beac h,1,Layof f  Unk nown at this  tim e
10/9/15,1  2  / 1  1  / 2  0  15,1  0  / 1  5  / 2  0  15,Boeing Com pany,Huntington Beac h,76,Layof f  Unk nown at this  tim e
10/9/15,1  2  / 1  1  / 2  0  15,1  0  / 1  5  / 2  0  15,Boeing Com pany,Long Beac h,36,Layof f  Unk nown at this  tim e
10/9/15,1  2  / 1  1  / 2  0  15,1  0  / 1  5  / 2  0  15,Boeing Com pany,El Segundo,109,Layof f  Unk nown at this  tim e
10/15/15,1  2  / 1  5  / 2  0  15,1  0  / 1  6  / 2  0  15,Danm er Cus tom  Shutters,Van Nuys,70,Layof f  Perm anent
10/16/15,1  2  / 1  5  / 2  0  15,1  0  / 1  6  / 2  0  15,"Marvell Sem ic onduc tor, Inc .",Alis o Viej o,9,Layof f  Perm anent
10/16/15,1  2  / 1  5  / 2  0  15,1  0  / 1  6  / 2  0  15,"Marvell Sem ic onduc tor, Inc .",Santa Clara,12,Layof f  Perm anent
10/16/15,1  2  / 1  8  / 2  0  15,1  0  / 1  6  / 2  0  15,"Bridgepoint Educ ation, Inc .",San Diego,3,Layof f  Perm anent
10/16/15,1  2  / 1  8  / 2  0  15,1  0  / 1  6  / 2  0  15,"Bridgepoint Educ ation, Inc .",San Diego,1,Layof f  Perm anent
10/15/15,1  0  / 0  2  / 2  0  15,1  0  / 1  9  / 2  0  15,Hewlett-Pac k ard Com pany,Palo Alto,65,Layof f  Perm anent
10/15/15,1  2  / 2  2  / 2  0  15,1  0  / 1  9  / 2  0  15,"PCM, Inc .",Laguna W oods,968,Layof f  Perm anent
9/29/15,1  2  / 3  1  / 2  0  15,1  0  / 2  0  / 2  0  15,"DD  T raders , Inc .",San Franc is c o,18,Layof f  Perm anent
10/19/15,1  2  / 2  0  / 2  0  15,1  0  / 2  0  / 2  0  15,T ra Vigne,Saint Helena,136,Clos ure Perm anent
10/20/15,0  1  / 0  1  / 2  0  16,1  0  / 2  1  / 2  0  15,City W inery Napa,Napa,37,Clos ure Perm anent
10/20/15,1  2  / 2  1  / 2  0  15,1  0  / 2  1  / 2  0  15,XO MA (US) LLC,Berk eley,13,Layof f  Perm anent
10/21/15,1  2  / 2  0  / 2  0  15,1  0  / 2  1  / 2  0  15,Mic ros of t Corporation,San Diego,4,Clos ure Unk nown at this  tim e
10/15/15,1  2  / 1  5  / 2  0  15,1  0  / 2  2  / 2  0  15,Hers ha Hos pitality Managem ent LP,Los  Angeles,71,Clos ure T em porary
10/20/15,1  0  / 2  3  / 2  0  15,1  0  / 2  2  / 2  0  15,"Halliburton Energy Servic es , Inc .",Bak ers f ield,6,Layof f  Perm anent
10/21/15,1  0  / 2  3  / 2  0  15,1  0  / 2  2  / 2  0  15,"Fres h & Eas y, LLC",T orranc e,106,Clos ure Perm anent
10/21/15,1  0  / 2  3  / 2  0  15,1  0  / 2  2  / 2  0  15,"Fres h & Eas y, LLC Cam pus  Kitc hen",Rivers ide,307,Clos ure Perm anent
10/21/15,1  0  / 2  3  / 2  0  15,1  0  / 2  2  / 2  0  15,"Fres h & Eas y, LLC Cam pus  Produc e",Rivers ide,336,Clos ure Perm anent
10/21/15,1  0  / 2  3  / 2  0  15,1  0  / 2  2  / 2  0  15,"Fres h & Eas y, LLC Dis tribution Center",Rivers ide,163,Clos ure Perm anent
10/21/15,1  2  / 2  0  / 2  0  15,1  0  / 2  2  / 2  0  15,W ells  Fargo,Santa Ana,65,Clos ure Unk nown at this  tim e
10/22/15,1  2  / 2  1  / 2  0  15,1  0  / 2  2  / 2  0  15,"Bridgepoint Educ ation, Inc .",San Diego,4,Layof f  Perm anent
10/23/15,1  2  / 2  6  / 2  0  15,1  0  / 2  6  / 2  0  15,T he Dec lan Suites,San Diego,35,Layof f  Unk nown at this  tim e
10/21/15,1  0  / 2  1  / 2  0  15,1  0  / 2  7  / 2  0  15,"Aqua Lung Am eric a, Inc .",Calexic o,29,Clos ure Perm anent
10/21/15,1  2  / 2  2  / 2  0  15,1  0  / 2  7  / 2  0  15,Napa Valley Grille,Los  Angeles,86,Clos ure T em porary
10/27/15,1  2  / 2  8  / 2  0  15,1  0  / 2  7  / 2  0  15,ISOLA USA Corp.,Elk  Grove,72,Clos ure Perm anent
10/27/15,1  2  / 3  1  / 2  0  15,1  0  / 2  7  / 2  0  15,"Arena Pharm ac eutic als , Inc .",San Diego,79,Layof f  Perm anent
6/26/15,0  9  / 1  2  / 2  0  15,1  0  / 2  8  / 2  0  15,Raley' s,Sac ram ento,60,Clos ure Perm anent
10/22/15,1  0  / 2  2  / 2  0  15,1  0  / 2  8  / 2  0  15,"Haas  Autom ation, Inc .",O xnard,6,Layof f  Perm anent
10/22/15,1  2  / 2  7  / 2  0  15,1  0  / 2  8  / 2  0  15,Raley' s,Stoc k ton,54,Clos ure Perm anent
10/27/15,0  1  / 0  4  / 2  0  16,1  0  / 2  8  / 2  0  15,CoreLogic,Redwood City,21,Clos ure Perm anent
10/27/15,1  2  / 2  8  / 2  0  15,1  0  / 2  8  / 2  0  15,"Bric e Manuf ac turing Com pany, Inc .",Pac oim a,33,Layof f  Perm anent
10/29/15,0  3  / 3  1  / 2  0  16,1  0  / 2  9  / 2  0  15,Vis hay Silic onix,Santa Clara,292,Layof f  Perm anent
10/23/15,1  0  / 2  6  / 2  0  15,1  0  / 3  0  / 2  0  15,LG  NanoH2O,El Segundo,48,Layof f  Perm anent
10/23/15,1  0  / 2  6  / 2  0  15,1  0  / 3  0  / 2  0  15,LG  NanoH2O,Hawthorne,35,Layof f  Perm anent
10/26/15,1  0  / 2  0  / 2  0  15,1  0  / 3  0  / 2  0  15,BAE SYST EMS,San Franc is c o,163,Layof f  T em porary
10/26/15,1  0  / 2  0  / 2  0  15,1  0  / 3  0  / 2  0  15,BAE SYST EMS,San Franc is c o,2,Layof f  Unk nown at this  tim e
10/29/15,1  2  / 3  1  / 2  0  15,1  0  / 3  0  / 2  0  15,Bos ton Sc ientif ic  Corporation,San J os e,75,Layof f  Perm anent
10/30/15,1  2  / 3  1  / 2  0  15,1  0  / 3  0  / 2  0  15,"Saf eway, Inc .",Pleas anton,23,Layof f  Unk nown at this  tim e
10/30/15,1  2  / 3  1  / 2  0  15,1  1  / 0  2  / 2  0  15,Verizon,Irvine,171,Layof f  Perm anent
11/1/15,1  2  / 3  1  / 2  0  15,1  1  / 0  2  / 2  0  15,CEVA Logis tic s,Stoc k ton,56,Layof f  Perm anent
11/2/15,0  1  / 0  3  / 2  0  16,1  1  / 0  2  / 2  0  15,G reys tone Manor,Los  Angeles,61,Clos ure T em porary
10/30/15,0  1  / 0  3  / 2  0  16,1  1  / 0  4  / 2  0  15,G rill Conc epts,Studio City,49,Clos ure T em porary
10/30/15,1  1  / 0  3  / 2  0  15,1  1  / 0  4  / 2  0  15,"Cis c o Sys tem s , Inc .",San J os e,126,Layof f  Perm anent
10/29/15,0  1  / 0  3  / 2  0  16,1  1  / 0  5  / 2  0  15,"Sc ott' s  Res taurants , LLC",Cos ta Mes a,106,Clos ure Perm anent
10/30/15,0  1  / 0  1  / 2  0  16,1  1  / 0  5  / 2  0  15,Boeing Com pany,Huntington Beac h,35,Layof f  Unk nown at this  tim e
10/30/15,0  1  / 0  1  / 2  0  16,1  1  / 0  5  / 2  0  15,Boeing Com pany,Long Beac h,13,Layof f  Unk nown at this  tim e
10/30/15,0  1  / 0  1  / 2  0  16,1  1  / 0  5  / 2  0  15,Boeing Com pany,El Segundo,17,Layof f  Unk nown at this  tim e
11/4/15,0  1  / 0  7  / 2  0  16,1  1  / 0  5  / 2  0  15,"J C Entertainm ent Lighting Servic es , Inc .",Sun Valley,169,Layof f  Perm anent
11/6/15,0  1  / 0  6  / 2  0  16,1  1  / 0  6  / 2  0  15,Mic ros em i,G arden Grove,57,Layof f  Perm anent
10/30/15,1  2  / 3  1  / 2  0  15,1  1  / 0  9  / 2  0  15,Boeing Com pany,Long Beac h,1,Layof f  Unk nown at this  tim e
11/4/15,1  1  / 2  4  / 2  0  15,1  1  / 0  9  / 2  0  15,Pens k e Logis tic s,South Gate,6,Clos ure Perm anent
11/4/15,1  1  / 2  4  / 2  0  15,1  1  / 0  9  / 2  0  15,Pens k e Logis tic s,South Gate,54,Layof f  Perm anent
11/5/15,1  2  / 1  0  / 2  0  15,1  1  / 0  9  / 2  0  15,"G olden State Drilling, Inc .",Bak ers f ield,104,Layof f  Perm anent
11/7/15,1  1  / 0  1  / 2  0  15,1  1  / 0  9  / 2  0  15,"G MRI, Inc . d/b/a Yard Hous e",San Diego,110,Clos ure Perm anent
11/9/15,0  1  / 0  8  / 2  0  16,1  1  / 1  0  / 2  0  15,Hyundai Capital Am eric a,Irvine,25,Layof f  Perm anent
11/9/15,0  1  / 0  8  / 2  0  16,1  1  / 1  0  / 2  0  15,Hyundai Capital Am eric a,Newport Beac h,16,Layof f  Perm anent
11/10/15,0  1  / 1  1  / 2  0  16,1  1  / 1  2  / 2  0  15,SW AY Managem ent LLC,O ak land,102,Layof f  Perm anent
11/12/15,0  1  / 0  6  / 2  0  16,1  1  / 1  2  / 2  0  15,"Forever 21 Retail, Inc .",San Luis  Obis po,72,Clos ure Perm anent
11/9/15,0  1  / 0  5  / 2  0  16,1  1  / 1  6  / 2  0  15,AT &T,Com m erc e,99,Layof f  Perm anent
11/11/15,0  1  / 1  8  / 2  0  15,1  1  / 1  7  / 2  0  15,Exel Inc .,O ntario,92,Clos ure Perm anent
11/16/15,0  1  / 1  6  / 2  0  16,1  1  / 1  7  / 2  0  15,Mac y' s  Century City Store,Los  Angeles,117,Clos ure Perm anent
11/18/15,0  1  / 1  7  / 2  0  16,1  1  / 1  8  / 2  0  15,W ells  Fargo,San Bernardino,122,Clos ure Unk nown at this  tim e
11/19/15,0  9  / 3  0  / 2  0  16,1  1  / 1  9  / 2  0  15,Plexus  Corp.,Frem ont,204,Clos ure Perm anent
11/13/15,0  1  / 1  8  / 2  0  16,1  1  / 2  0  / 2  0  15,AT &T,O ak land,92,Layof f  Perm anent
11/12/15,0  1  / 1  5  / 2  0  16,1  1  / 2  3  / 2  0  15,Kim  Lighting,City of  Indus try,160,Clos ure Unk nown at this  tim e
11/18/15,1  2  / 3  1  / 2  0  15,1  1  / 2  3  / 2  0  15,"Rdio, Inc .",San Franc is c o,123,Clos ure Perm anent
11/20/15,0  1  / 2  0  / 2  0  16,1  1  / 2  3  / 2  0  15,"Cons truc tion Spec ialty Servic e, Inc . dba",Bak ers f ield,61,Layof f  Unk nown at this  tim e
11/20/15,0  1  / 2  2  / 2  0  16,1  1  / 2  3  / 2  0  15,"Com plete Genom ic s , Inc .",Mountain View,145,Layof f  Unk nown at this  tim e
11/20/15,0  1  / 2  2  / 2  0  16,1  1  / 2  3  / 2  0  15,"Com plete Genom ic s , Inc .",Sunnyvale,13,Layof f  Unk nown at this  tim e
11/20/15,0  1  / 2  2  / 2  0  16,1  1  / 2  3  / 2  0  15,"Com plete Genom ic s , Inc .",San J os e,15,Layof f  Unk nown at this  tim e
11/20/15,0  1  / 2  2  / 2  0  16,1  1  / 2  3  / 2  0  15,"Com plete Genom ic s , Inc .",San Franc is c o,6,Layof f  Unk nown at this  tim e
11/23/15,0  1  / 2  2  / 2  0  16,1  1  / 2  3  / 2  0  15,Saf eway Inc .,Pleas anton,7,Layof f  Unk nown at this  tim e
11/20/15,0  1  / 2  2  / 2  0  16,1  1  / 2  5  / 2  0  15,Boeing Com pany,Huntington Beac h,28,Layof f  Unk nown at this  tim e
11/20/15,0  1  / 2  2  / 2  0  16,1  1  / 2  5  / 2  0  15,Boeing Com pany,Long Beac h,10,Layof f  Unk nown at this  tim e
11/20/15,0  1  / 2  2  / 2  0  16,1  1  / 2  5  / 2  0  15,Boeing Com pany,El Segundo,28,Layof f  Unk nown at this  tim e
11/24/15,0  1  / 3  1  / 2  0  16,1  1  / 3  0  / 2  0  15,Runaway T wo Five Corporation,Los  Angeles,73,Clos ure T em porary
11/30/15,0  2  / 0  1  / 2  0  16,1  1  / 3  0  / 2  0  15,"Ceradyne, Inc .",Cos ta Mes a,65,Clos ure Perm anent
11/30/15,0  2  / 2  9  / 2  0  16,1  1  / 3  0  / 2  0  15,Bay Valley Foods,City of  Indus try,62,Clos ure Perm anent
11/30/15,0  2  / 2  9  / 2  0  16,1  1  / 3  0  / 2  0  15,YP Advertis ing & Publis hing LLC,Pleas anton,68,Layof f  Perm anent
11/25/15,1  2  / 0  7  / 2  0  15,1  2  / 0  1  / 2  0  15,"Brinders on, L.P.",T upm an,55,Clos ure Perm anent
11/25/15,1  2  / 0  7  / 2  0  15,1  2  / 0  1  / 2  0  15,"Brinders on, L.P.",T af t,9,Clos ure Perm anent
11/25/15,1  2  / 0  7  / 2  0  15,1  2  / 0  1  / 2  0  15,"Brinders on, L.P.",Maric opa,2,Clos ure Perm anent
11/25/15,1  2  / 0  7  / 2  0  15,1  2  / 0  1  / 2  0  15,"Brinders on, L.P.",Shaf ter,14,Clos ure Perm anent
11/25/15,1  2  / 0  7  / 2  0  15,1  2  / 0  1  / 2  0  15,"Brinders on, L.P.",Los t Hills,8,Clos ure Perm anent
11/25/15,1  2  / 0  7  / 2  0  15,1  2  / 0  1  / 2  0  15,"Brinders on, L.P.",Los t Hills,56,Clos ure Perm anent
11/25/15,1  2  / 0  7  / 2  0  15,1  2  / 0  1  / 2  0  15,"Brinders on, L.P.",Coalinga,84,Clos ure Perm anent
11/25/15,1  2  / 0  7  / 2  0  15,1  2  / 0  1  / 2  0  15,"Brinders on, L.P.",San Ardo,101,Clos ure Perm anent
11/30/15,1  2  / 0  4  / 2  0  15,1  2  / 0  2  / 2  0  15,Sym antec  Corporation,Mountain View,44,Layof f  Perm anent
12/2/15,0  1  / 3  1  / 2  0  16,1  2  / 0  2  / 2  0  15,United T ec hnologies  Corporation,San Diego,31,Clos ure Perm anent
12/2/15,0  2  / 0  1  / 2  0  16,1  2  / 0  2  / 2  0  15,Com m Sc ope,San J os e,90,Clos ure Perm anent
11/25/15,0  1  / 2  4  / 2  0  16,1  2  / 0  4  / 2  0  15,"P.F. Chang' s  China Bis tro, Inc .",Los  Angeles,86,Clos ure Perm anent
12/3/15,0  2  / 0  5  / 2  0  16,1  2  / 0  4  / 2  0  15,"Sc hneider National Carriers , Inc .",Fontana,65,Clos ure Perm anent
12/3/15,0  2  / 0  5  / 2  0  16,1  2  / 0  4  / 2  0  15,"Sc hneider National Carriers , Inc .",South El Monte,10,Layof f  Unk nown at this  tim e
12/4/15,0  2  / 0  2  / 2  0  16,1  2  / 0  4  / 2  0  15,Volc ano Corporation,Ranc ho Cordova,60,Layof f  Perm anent
11/30/15,1  1  / 3  0  / 2  0  15,1  2  / 0  7  / 2  0  15,"Santa Fe Dis tributing, LLC",Elk  Grove,21,Clos ure Perm anent
11/30/15,1  1  / 3  0  / 2  0  15,1  2  / 0  7  / 2  0  15,"Santa Fe Dis tributing, LLC",Hayward,21,Clos ure Perm anent
11/30/15,1  1  / 3  0  / 2  0  15,1  2  / 0  7  / 2  0  15,"Santa Fe Dis tributing, LLC",W alnut,21,Clos ure Perm anent
12/1/15,0  2  / 0  1  / 2  0  16,1  2  / 0  7  / 2  0  15,Cedars -Sinai Medic al Center,Los  Angeles,57,Layof f  Perm anent
12/2/15,0  2  / 0  1  / 2  0  16,1  2  / 0  7  / 2  0  15,IT T  Corporation,Perris,18,Clos ure Perm anent
12/2/15,0  2  / 0  2  / 2  0  16,1  2  / 0  7  / 2  0  15,"C&J  W ell Servic es , Inc .",Bak ers f ield,161,Layof f  Perm anent
12/3/15,0  2  / 0  3  / 2  0  16,1  2  / 0  7  / 2  0  15,"KVS T rans portation, Inc .",Bak ers f ield,111,Layof f  Perm anent
12/4/15,0  2  / 0  5  / 2  0  16,1  2  / 0  7  / 2  0  15,"T he W et Seal, LLC",Foothill Ranc h,20,Layof f  Perm anent
12/7/15,0  2  / 0  8  / 2  0  16,1  2  / 0  7  / 2  0  15,"Marvell Sem ic onduc tor, Inc .",Santa Clara,13,Layof f  Perm anent
12/7/15,0  2  / 1  3  / 2  0  16,1  2  / 0  7  / 2  0  15,Sony Mobile Com m unic ations  (USA) Inc .,San Mateo,80,Layof f  Perm anent
12/7/15,1  2  / 0  7  / 2  0  15,1  2  / 0  8  / 2  0  15,Abbott Vas c ular,Redwood City,144,Clos ure Perm anent
12/4/15,0  2  / 0  9  / 2  0  16,1  2  / 0  9  / 2  0  15,El Dorado Hotel and Kitc hen,Sonom a,113,Clos ure T em porary
12/8/15,0  2  / 0  8  / 2  0  16,1  2  / 0  9  / 2  0  15,"SunEdis on, Inc .",San Mateo,14,Layof f  Perm anent
12/8/15,0  2  / 0  8  / 2  0  16,1  2  / 0  9  / 2  0  15,"SunEdis on, Inc .",Belm ont,6,Layof f  Perm anent
11/12/15,0  1  / 0  9  / 2  0  16,1  2  / 1  0  / 2  0  15,aberc rom bie k ids,Milpitas,41,Clos ure Perm anent
11/17/15,0  1  / 1  8  / 2  0  16,1  2  / 1  0  / 2  0  15,"Citrix Sys tem s , Inc .",Santa Clara,54,Layof f  Perm anent
12/7/15,1  2  / 0  7  / 2  0  15,1  2  / 1  0  / 2  0  15,"Anem os tat, Inc .",Cars on,89,Layof f  Perm anent
12/10/15,0  2  / 0  5  / 2  0  16,1  2  / 1  0  / 2  0  15,Alta Res ourc es,Brea,121,Layof f  Perm anent
12/10/15,0  2  / 0  8  / 2  0  16,1  2  / 1  0  / 2  0  15,"Bridgepoint Educ ation, Inc .",San Diego,5,Layof f  Perm anent
12/10/15,0  2  / 0  8  / 2  0  16,1  2  / 1  0  / 2  0  15,"Bridgepoint Educ ation, Inc .",San Diego,1,Layof f  Perm anent
12/11/15,0  1  / 1  1  / 2  0  16,1  2  / 1  1  / 2  0  15,PPG Indus tries,Fres no,45,Clos ure T em porary
12/11/15,0  4  / 0  1  / 2  0  16,1  2  / 1  1  / 2  0  15,"Suc hm an, LLC",T ulare,29,Clos ure Perm anent
12/11/15,0  4  / 0  1  / 2  0  16,1  2  / 1  1  / 2  0  15,"Suc hm an, LLC",O ntario,32,Clos ure Perm anent
12/11/15,0  4  / 0  1  / 2  0  16,1  2  / 1  1  / 2  0  15,"Suc hm an, LLC",G ilroy,25,Clos ure Perm anent
12/11/15,0  4  / 0  1  / 2  0  16,1  2  / 1  1  / 2  0  15,"Suc hm an, LLC",Milpitas,18,Clos ure Perm anent
12/11/15,0  4  / 0  1  / 2  0  16,1  2  / 1  1  / 2  0  15,"Suc hm an, LLC",Cam arillo,16,Clos ure Perm anent
12/11/15,0  4  / 0  1  / 2  0  16,1  2  / 1  1  / 2  0  15,"Suc hm an, LLC",Fols om,20,Clos ure Perm anent
12/11/15,0  4  / 0  1  / 2  0  16,1  2  / 1  1  / 2  0  15,"Suc hm an, LLC",Vac aville,21,Clos ure Perm anent
12/11/15,0  4  / 0  1  / 2  0  16,1  2  / 1  1  / 2  0  15,"Suc hm an, LLC",Fres no,22,Layof f  Perm anent
12/11/15,0  4  / 0  1  / 2  0  16,1  2  / 1  1  / 2  0  15,"Suc hm an, LLC",Modes to,21,Clos ure Perm anent
12/3/15,0  2  / 1  9  / 2  0  16,1  2  / 1  4  / 2  0  15,Morrison Healthc are,Chic o,87,Clos ure Perm anent
12/8/15,0  2  / 0  6  / 2  0  16,1  2  / 1  4  / 2  0  15,"RSM Autom otive, LLC, dba Santa",Ranc ho Santa,77,Layof f  Perm anent
12/10/15,0  2  / 0  8  / 2  0  16,1  2  / 1  4  / 2  0  15,MCC  BB Property,Santa Barbara,44,Layof f  Perm anent
12/14/15,0  2  / 1  2  / 2  0  16,1  2  / 1  4  / 2  0  15,"Saf eway, Inc .",Pleas anton,33,Layof f  Unk nown at this  tim e
12/8/15,1  2  / 1  5  / 2  0  15,1  2  / 1  5  / 2  0  15,"Halliburton Energy Servic es , Inc .",Bak ers f ield,16,Layof f  Perm anent
12/9/15,0  2  / 1  2  / 2  0  16,1  2  / 1  5  / 2  0  15,"Huds loan Enterpris es , Inc .",Los  Angeles,265,Clos ure Perm anent
12/11/15,0  2  / 1  0  / 2  0  16,1  2  / 1  6  / 2  0  15,"O ak ley, Inc .",Foothill Ranc h,76,Layof f  Unk nown at this  tim e
12/15/15,0  2  / 1  4  / 2  0  16,1  2  / 1  6  / 2  0  15,"Le Cordon Bleu North Am eric a, LLC",Pas adena,126,Clos ure Perm anent
12/11/15,0  2  / 1  5  / 2  0  16,1  2  / 1  7  / 2  0  15,Park er Hannif in Corporation,Fontana,69,Clos ure Unk nown at this  tim e
12/16/15,1  2  / 1  4  / 2  0  15,1  2  / 1  8  / 2  0  15,BAE SYST EMS,San Franc is c o,2,Layof f  T em porary
12/16/15,1  2  / 1  4  / 2  0  15,1  2  / 1  8  / 2  0  15,BAE SYST EMS,San Franc is c o,61,Layof f  T em porary
12/18/15,0  2  / 2  5  / 2  0  16,1  2  / 1  8  / 2  0  15,"G erawan Farm ing, Inc .",Kerm an,2551,Clos ure Perm anent
12/14/15,0  2  / 1  2  / 2  0  16,1  2  / 2  2  / 2  0  15,"Saf eway, Inc .",Pleas anton,33,Layof f  Unk nown at this  tim e
12/17/15,0  3  / 0  1  / 2  0  16,1  2  / 2  3  / 2  0  15,Hyatt Regenc y Century Plaza,Los  Angeles,796,Clos ure Perm anent
12/18/15,0  2  / 1  9  / 2  0  16,1  2  / 2  3  / 2  0  15,Boeing Com pany,Huntington Beac h,35,Layof f  Unk nown at this  tim e
12/18/15,0  2  / 1  9  / 2  0  16,1  2  / 2  3  / 2  0  15,Boeing Com pany,Long Beac h,9,Layof f  Unk nown at this  tim e
12/18/15,0  2  / 1  9  / 2  0  16,1  2  / 2  3  / 2  0  15,Boeing Com pany,El Segundo,35,Layof f  Unk nown at this  tim e
12/24/15,0  2  / 2  9  / 2  0  16,1  2  / 2  4  / 2  0  15,T G I Friday' s,Carls bad,45,Clos ure Perm anent
12/22/15,0  2  / 2  1  / 2  0  16,1  2  / 2  8  / 2  0  15,Brak e Parts  Inc .,Chowc hilla,43,Layof f  Perm anent
12/22/15,0  2  / 2  2  / 2  0  16,1  2  / 2  8  / 2  0  15,AT &T,San Ram on,102,Layof f  Perm anent
12/22/15,0  2  / 2  6  / 2  0  16,1  2  / 2  8  / 2  0  15,"Balda C. Brewer, Inc .",Irvine,193,Clos ure Perm anent
12/22/15,0  2  / 2  9  / 2  0  16,1  2  / 2  8  / 2  0  15,"DN C Park s  & Res orts  at Yos em ite, Inc .",Yos em ite National,1718,Clos ure Perm anent
12/30/15,0  2  / 2  9  / 2  0  16,1  2  / 3  0  / 2  0  15,"DuPont Dis plays , Inc .",Santa Barbara,41,Clos ure Perm anent
12/30/15,0  3  / 0  4  / 2  0  16,1  2  / 3  0  / 2  0  15,Park er Hannif in Corporation,Anaheim,197,Clos ure Unk nown at this  tim e
1/4/16,0  1  / 1  2  / 2  0  16,0  1  / 0  4  / 2  0  16,W alnut Creek  Pyram id Alehous e,W alnut Creek,49,Clos ure Unk nown at this  tim e
12/24/15,0  1  / 0  4  / 2  0  16,0  1  / 0  5  / 2  0  16,"A-Lis t, Inc . & H-Lis t Inc . dba Kits on",W es t Hollywood,25,Clos ure Perm anent
12/24/15,0  1  / 0  4  / 2  0  16,0  1  / 0  5  / 2  0  16,"A-Lis t, Inc . & H-Lis t Inc . dba Kits on",W es t Hollywood,5,Clos ure Perm anent
12/24/15,0  1  / 0  4  / 2  0  16,0  1  / 0  5  / 2  0  16,"A-Lis t, Inc . & H-Lis t Inc . dba Kits on",Los  Angeles,28,Clos ure Perm anent
12/24/15,0  1  / 0  4  / 2  0  16,0  1  / 0  5  / 2  0  16,"A-Lis t, Inc . & H-Lis t Inc . dba Kits on",Malibu,9,Clos ure Perm anent
12/24/15,0  1  / 0  4  / 2  0  16,0  1  / 0  5  / 2  0  16,"A-Lis t, Inc . & H-Lis t Inc . dba Kits on",Santa Monic a,45,Clos ure Perm anent
12/24/15,0  1  / 0  4  / 2  0  16,0  1  / 0  5  / 2  0  16,"A-Lis t, Inc . & H-Lis t Inc . dba Kits on",Newport Beac h,9,Clos ure Perm anent
12/24/15,0  1  / 0  4  / 2  0  16,0  1  / 0  5  / 2  0  16,"A-Lis t, Inc . & H-Lis t Inc . dba Kits on",Brea,6,Clos ure Perm anent
12/24/15,0  1  / 0  4  / 2  0  16,0  1  / 0  5  / 2  0  16,"A-Lis t, Inc . & H-Lis t Inc . dba Kits on",San Diego,8,Clos ure Perm anent
12/24/15,0  1  / 0  4  / 2  0  16,0  1  / 0  5  / 2  0  16,"A-Lis t, Inc . & H-Lis t Inc . dba Kits on",San Diego,13,Clos ure Perm anent
12/24/15,0  1  / 0  4  / 2  0  16,0  1  / 0  5  / 2  0  16,"A-Lis t, Inc . & H-Lis t Inc . dba Kits on",Santa Barbara,9,Clos ure Perm anent
12/24/15,0  1  / 0  4  / 2  0  16,0  1  / 0  5  / 2  0  16,"A-Lis t, Inc . & H-Lis t Inc . dba Kits on",Cam arillo,13,Clos ure Perm anent
12/24/15,0  1  / 0  4  / 2  0  16,0  1  / 0  5  / 2  0  16,"A-Lis t, Inc . & H-Lis t Inc . dba Kits on",Arc adia,18,Clos ure Perm anent
1/4/16,0  3  / 0  9  / 2  0  16,0  1  / 0  7  / 2  0  16,Adec c o Group NA,Palo Alto,108,Clos ure Perm anent
1/6/16,0  3  / 1  4  / 2  0  16,0  1  / 0  7  / 2  0  16,Mac y' s  Country Club Plaza Store,Sac ram ento,111,Clos ure Perm anent
1/6/16,0  3  / 1  4  / 2  0  16,0  1  / 0  7  / 2  0  16,Mac y' s  Irvine Spec trum  Store,Irvine,112,Clos ure Perm anent
1/4/16,0  3  / 0  5  / 2  0  16,0  1  / 1  1  / 2  0  16,T hom s on Lic ens ing LLC,Burbank,7,Clos ure Unk nown at this  tim e
1/5/16,0  3  / 0  7  / 2  0  16,0  1  / 1  1  / 2  0  16,AT &T,San Ram on,1,Layof f  Perm anent
1/5/16,0  3  / 0  7  / 2  0  16,0  1  / 1  1  / 2  0  16,Pac if ic  Bell T elephone Com pany,San Ram on,1,Layof f  Perm anent
1/11/16,0  3  / 1  1  / 2  0  16,0  1  / 1  2  / 2  0  16,Saf eway Inc .,Pleas anton,7,Layof f  Unk nown at this  tim e
1/12/16,0  2  / 2  9  / 2  0  16,0  1  / 1  2  / 2  0  16,"Molina Hos pital Managem ent, Inc .",Long Beac h,385,Layof f  Perm anent
1/8/16,0  3  / 3  1  / 2  0  16,0  1  / 1  3  / 2  0  16,"Zodiac  Pool Sys tem s , Inc .",Vis ta,52,Clos ure Perm anent
1/13/16,0  1  / 1  5  / 2  0  16,0  1  / 1  3  / 2  0  16,"G oPro, Inc .",San Mateo,77,Layof f  Perm anent
1/14/16,0  3  / 1  5  / 2  0  16,0  1  / 1  4  / 2  0  16,Q ualc om m  Inc orporated,San Diego,32,Layof f  Unk nown at this  tim e
1/14/16,0  3  / 1  8  / 2  0  16,0  1  / 1  4  / 2  0  16,"ConAgra Foods , Inc .",Helm,102,Clos ure Perm anent
12/31/15,0  4  / 2  9  / 2  0  15,0  1  / 1  4  / 2  0  16,"El Dorado Berry Farm s , LLC (Adam",Santa Maria,218,Layof f  Perm anent
12/31/15,0  4  / 2  9  / 2  0  15,0  1  / 1  4  / 2  0  16,"El Dorado Berry Farm s , LLC (Bognuda",Santa Maria,180,Layof f  Perm anent
12/31/15,0  4  / 2  9  / 2  0  15,0  1  / 1  4  / 2  0  16,"El Dorado Berry Farm s , LLC (Coyote",Santa Maria,123,Layof f  Perm anent
12/31/15,0  4  / 2  9  / 2  0  15,0  1  / 1  4  / 2  0  16,"El Dorado Berry Farm s , LLC (Monighetti",Santa Maria,30,Layof f  Perm anent
12/31/15,0  4  / 2  9  / 2  0  15,0  1  / 1  4  / 2  0  16,"El Dorado Berry Farm s , LLC (Punta de",Santa Maria,103,Layof f  Perm anent
12/31/15,0  6  / 2  4  / 2  0  15,0  1  / 1  4  / 2  0  16,"Superior Farm ing, LLC",Santa Maria,225,Layof f  Perm anent
1/15/16,0  3  / 0  1  / 2  0  16,0  1  / 1  5  / 2  0  16,"HD  Supply Managem ent, Inc .",San Diego,97,Layof f  Perm anent
1/15/16,0  4  / 1  5  / 2  0  16,0  1  / 1  5  / 2  0  16,W alm art,O ak land,397,Clos ure Perm anent
1/15/16,0  4  / 1  5  / 2  0  16,0  1  / 1  5  / 2  0  16,W alm art,San Bernardino,89,Clos ure Perm anent
1/15/16,0  4  / 1  5  / 2  0  16,0  1  / 1  5  / 2  0  16,W alm art,Hawaiian Gardens,77,Clos ure Perm anent
1/15/16,0  4  / 1  5  / 2  0  16,0  1  / 1  5  / 2  0  16,W alm art,Bell Gardens,85,Clos ure Perm anent
1/15/16,0  4  / 1  5  / 2  0  16,0  1  / 1  5  / 2  0  16,W alm art,Long Beac h,295,Clos ure Perm anent
1/15/16,0  4  / 1  5  / 2  0  16,0  1  / 1  5  / 2  0  16,W alm art,Altadena,79,Clos ure Perm anent
1/15/16,0  4  / 1  5  / 2  0  16,0  1  / 1  5  / 2  0  16,W alm art,San J os e,210,Clos ure Perm anent
1/15/16,0  4  / 1  5  / 2  0  16,0  1  / 1  5  / 2  0  16,W alm art,Los  Angeles,324,Clos ure Perm anent
1/15/16,0  4  / 1  5  / 2  0  16,0  1  / 1  5  / 2  0  16,W alm art,Los  Angeles,96,Clos ure Perm anent
12/31/15,0  7  / 1  0  / 2  0  15,0  1  / 1  5  / 2  0  16,"MAC Berry Farm s , LLC",Cam arillo,90,Layof f  Perm anent
1/12/16,0  4  / 1  0  / 2  0  16,0  1  / 1  9  / 2  0  16,"Sears , Roebuc k  and Co.",San Mateo,110,Clos ure Perm anent
1/13/16,0  4  / 3  0  / 2  0  16,0  1  / 1  9  / 2  0  16,"Al J azeera Am eric a, LLC",San Franc is c o,25,Clos ure Perm anent
1/13/16,0  4  / 3  0  / 2  0  16,0  1  / 1  9  / 2  0  16,"Al J azeera Am eric a, LLC",Culver City,19,Clos ure Perm anent
1/13/16,0  4  / 3  0  / 2  0  16,0  1  / 1  9  / 2  0  16,"Al J azeera Am eric a, LLC",Los  Angeles,6,Clos ure Perm anent
1/15/16,0  3  / 1  5  / 2  0  16,0  1  / 1  9  / 2  0  16,"Bric e Manuf ac turing Com pany, Inc .",Pac oim a,1,Layof f  Perm anent
1/19/16,0  3  / 2  1  / 2  0  16,0  1  / 1  9  / 2  0  16,G eorgia-Pac if ic  Corrugated LLC,Buena Park,148,Clos ure Perm anent
1/6/16,0  3  / 0  7  / 2  0  16,0  1  / 2  0  / 2  0  16,"Citrix Sys tem s , Inc .",Santa Clara,65,Layof f  Perm anent
1/19/16,0  3  / 1  9  / 2  0  16,0  1  / 2  0  / 2  0  16,O uter Harbor T erm inal LLC,O ak land,59,Clos ure Perm anent
1/19/16,0  3  / 2  0  / 2  0  16,0  1  / 2  0  / 2  0  16,Des tination Geary Street Managem ent,San Franc is c o,58,Layof f  Perm anent
1/20/16,0  3  / 2  0  / 2  0  16,0  1  / 2  0  / 2  0  16,Mic ros of t Corporation,San Diego,2,Clos ure Perm anent
1/19/16,0  1  / 2  0  / 2  0  16,0  1  / 2  1  / 2  0  16,"Cis c o Sys tem s , Inc .",San J os e,123,Layof f  Perm anent
1/18/16,0  3  / 1  8  / 2  0  16,0  1  / 2  2  / 2  0  16,"Coas tal Green Vegetable Com pany, LLC",O xnard,88,Clos ure Perm anent
1/19/16,0  3  / 2  1  / 2  0  16,0  1  / 2  2  / 2  0  16,"Pathology, Inc .",T orranc e,388,Layof f  Perm anent
1/20/16,1  2  / 2  3  / 2  0  15,0  1  / 2  2  / 2  0  16,Highland Metals  Inc . and EZFuture Inc .,San J os e,17,Clos ure Perm anent
1/21/16,0  1  / 2  1  / 2  0  16,0  1  / 2  2  / 2  0  16,"Centrally Grown, Inc .",Cam bria,16,Clos ure Unk nown at this  tim e
1/19/16,0  3  / 1  9  / 2  0  16,0  1  / 2  5  / 2  0  16,F&E Airc raf t Maintenanc e DBA FEAM,Los  Angeles,25,Layof f  Perm anent
1/20/16,0  1  / 2  0  / 2  0  16,0  1  / 2  5  / 2  0  16,Sage North Am eric a,Irvine,67,Layof f  Perm anent
1/25/16,0  3  / 2  5  / 2  0  16,0  1  / 2  5  / 2  0  16,Allianz Global Ris k s  US Ins uranc e,Petalum a,38,Layof f  Perm anent
1/25/16,0  3  / 3  1  / 2  0  16,0  1  / 2  5  / 2  0  16,EXP Pharm ac eutic al Servic es  Corp.,Frem ont,111,Clos ure Perm anent
1/12/16,0  3  / 1  3  / 2  0  16,0  1  / 2  6  / 2  0  16,Km art,Anaheim,107,Clos ure Perm anent
1/12/16,0  3  / 1  3  / 2  0  16,0  1  / 2  6  / 2  0  16,Km art,Chula Vis ta,103,Clos ure Perm anent
1/12/16,0  4  / 0  3  / 2  0  16,0  1  / 2  6  / 2  0  16,Km art,Citrus  Heights,86,Clos ure Perm anent
1/22/16,0  3  / 2  5  / 2  0  16,0  1  / 2  6  / 2  0  16,Boeing Com pany,Huntington Beac h,15,Layof f  Unk nown at this  tim e
1/22/16,0  3  / 2  5  / 2  0  16,0  1  / 2  6  / 2  0  16,Boeing Com pany,Long Beac h,11,Layof f  Unk nown at this  tim e
1/22/16,0  3  / 2  5  / 2  0  16,0  1  / 2  6  / 2  0  16,Boeing Com pany,El Segundo,6,Layof f  Unk nown at this  tim e
1/25/16,0  3  / 2  5  / 2  0  16,0  1  / 2  6  / 2  0  16,Sierra Pac if ic  Indus tries,Arc ata,125,Clos ure Perm anent
1/26/16,0  1  / 2  6  / 2  0  16,0  1  / 2  6  / 2  0  16,Pears on Educ ation,San Franc is c o,34,Layof f  Unk nown at this  tim e
1/26/16,0  3  / 2  8  / 2  0  16,0  1  / 2  6  / 2  0  16,Ditec h Financ ial LLC.,Cos ta Mes a,87,Clos ure Perm anent
1/26/16,0  3  / 2  8  / 2  0  16,0  1  / 2  6  / 2  0  16,"SPX FLO W , Inc .",Modes to,8,Clos ure Perm anent
1/26/16,0  3  / 2  8  / 2  0  16,0  1  / 2  6  / 2  0  16,"VMware, Inc .",Palo Alto,170,Layof f  Perm anent
1/27/16,0  3  / 2  9  / 2  0  16,0  1  / 2  7  / 2  0  16,VSE Corporation,J olon,70,Layof f  Perm anent
1/27/16,0  3  / 2  9  / 2  0  16,0  1  / 2  7  / 2  0  16,VSE Corporation,Bars tow,13,Layof f  Perm anent
1/27/16,0  3  / 2  9  / 2  0  16,0  1  / 2  7  / 2  0  16,VSE Corporation,Bars tow,27,Layof f  Perm anent
1/26/16,0  3  / 2  8  / 2  0  16,0  1  / 2  8  / 2  0  16,Eaton' s  Cooper Lighting,Ric hm ond,47,Clos ure Perm anent
1/27/16,0  3  / 2  9  / 2  0  16,0  1  / 2  8  / 2  0  16,VSE Corporation,Mountain View,2,Layof f  Perm anent
1/27/16,0  3  / 2  9  / 2  0  16,0  1  / 2  8  / 2  0  16,VSE Corporation,Rivers ide,1,Layof f  Perm anent
1/27/16,0  3  / 2  9  / 2  0  16,0  1  / 2  8  / 2  0  16,VSE Corporation,Los  Alam itos,1,Layof f  Perm anent
1/27/16,0  3  / 2  9  / 2  0  16,0  1  / 2  8  / 2  0  16,VSE Corporation,Van Nuys,1,Layof f  Perm anent
1/26/16,0  4  / 0  1  / 2  0  16,0  1  / 2  9  / 2  0  16,"Roc k well Collins , Inc .",Poway,2,Layof f  Unk nown at this  tim e
1/29/16,0  3  / 2  9  / 2  0  16,0  1  / 2  9  / 2  0  16,"Hub City T erm inals , Inc .",Brea,12,Clos ure Perm anent
1/29/16,0  3  / 3  1  / 2  0  16,0  1  / 2  9  / 2  0  16,"Hub Group T ruc k ing, Inc .",O ntario,131,Clos ure Perm anent
1/29/16,0  3  / 3  1  / 2  0  16,0  1  / 2  9  / 2  0  16,T os hiba Am eric a Elec tronic,Liverm ore,50,Clos ure Perm anent
1/29/16,0  3  / 3  1  / 2  0  16,0  1  / 2  9  / 2  0  16,"Urban Fulf illm ent Servic es , LLC",W es tlak e Village,192,Clos ure Perm anent
1/25/16,0  3  / 3  1  / 2  0  16,0  2  / 0  1  / 2  0  16,Cardinal Health,Elk  Grove,58,Layof f  Perm anent
1/25/16,0  3  / 3  1  / 2  0  16,0  2  / 0  1  / 2  0  16,Cardinal Health,Valenc ia,15,Layof f  Perm anent
1/28/16,0  4  / 0  1  / 2  0  16,0  2  / 0  1  / 2  0  16,W es tin St. Franc is,San Franc is c o,52,Clos ure Perm anent
2/1/16,0  4  / 0  4  / 2  0  16,0  2  / 0  1  / 2  0  16,"Prac tic e Fus ion, Inc .",San Franc is c o,74,Layof f  Perm anent
1/28/16,0  3  / 2  8  / 2  0  16,0  2  / 0  2  / 2  0  16,Blue Shield of  Calif ornia,Sac ram ento,3,Layof f  Perm anent
1/28/16,0  3  / 2  8  / 2  0  16,0  2  / 0  2  / 2  0  16,Blue Shield of  Calif ornia,El Segundo,9,Layof f  Perm anent
1/28/16,0  3  / 2  8  / 2  0  16,0  2  / 0  2  / 2  0  16,Blue Shield of  Calif ornia,O ntario,2,Layof f  Perm anent
1/28/16,0  3  / 2  8  / 2  0  16,0  2  / 0  2  / 2  0  16,Blue Shield of  Calif ornia,W alnut Creek,1,Layof f  Perm anent
1/28/16,0  3  / 2  8  / 2  0  16,0  2  / 0  2  / 2  0  16,Blue Shield of  Calif ornia,Lodi,99,Layof f  Perm anent
1/28/16,0  3  / 2  8  / 2  0  16,0  2  / 0  2  / 2  0  16,Blue Shield of  Calif ornia,San Franc is c o,78,Layof f  Perm anent
1/28/16,0  3  / 2  8  / 2  0  16,0  2  / 0  2  / 2  0  16,Blue Shield of  Calif ornia,Ranc ho Cordova,55,Layof f  Perm anent
1/28/16,0  3  / 2  8  / 2  0  16,0  2  / 0  2  / 2  0  16,Blue Shield of  Calif ornia,W oodland Hills,60,Layof f  Perm anent
1/28/16,0  3  / 2  8  / 2  0  16,0  2  / 0  2  / 2  0  16,Blue Shield of  Calif ornia,Cos ta Mes a,2,Layof f  Perm anent
1/28/16,0  3  / 2  8  / 2  0  16,0  2  / 0  2  / 2  0  16,Blue Shield of  Calif ornia,San J os e,1,Layof f  Perm anent
1/28/16,0  3  / 2  8  / 2  0  16,0  2  / 0  2  / 2  0  16,Blue Shield of  Calif ornia,El Dorado Hills,137,Layof f  Perm anent
1/28/16,0  3  / 2  8  / 2  0  16,0  2  / 0  2  / 2  0  16,Blue Shield of  Calif ornia,San Diego,3,Layof f  Perm anent
1/28/16,0  3  / 2  8  / 2  0  16,0  2  / 0  2  / 2  0  16,Blue Shield of  Calif ornia,Redding,10,Layof f  Perm anent
1/29/16,0  3  / 3  1  / 2  0  16,0  2  / 0  2  / 2  0  16,Broadc om  and Avago,Irvine,687,Layof f  Perm anent
1/29/16,0  3  / 3  1  / 2  0  16,0  2  / 0  2  / 2  0  16,Broadc om  and Avago,Irvine,2,Layof f  Perm anent
1/29/16,0  3  / 3  1  / 2  0  16,0  2  / 0  2  / 2  0  16,Broadc om  and Avago,San J os e,33,Layof f  Perm anent
1/29/16,0  3  / 3  1  / 2  0  16,0  2  / 0  2  / 2  0  16,Broadc om  and Avago f reedom,Santa Clara,63,Layof f  Perm anent
1/29/16,0  3  / 3  1  / 2  0  16,0  2  / 0  2  / 2  0  16,Broadc om  and Avago laf ayette,Santa Clara,1,Layof f  Perm anent
1/29/16,0  3  / 3  1  / 2  0  16,0  2  / 0  2  / 2  0  16,Broadc om  and Avago m is s ion,Santa Clara,57,Layof f  Perm anent
1/29/16,0  3  / 3  1  / 2  0  16,0  2  / 0  2  / 2  0  16,Broadc om  and Avago s unnyvale,Sunnyvale,26,Layof f  Perm anent
2/1/16,0  4  / 0  1  / 2  0  16,0  2  / 0  2  / 2  0  16,Moog Inc .,Milpitas,22,Layof f  Perm anent
1/29/16,0  4  / 0  1  / 2  0  16,0  2  / 0  3  / 2  0  16,Boeing Com pany,Huntington Beac h,15,Layof f  Unk nown at this  tim e
1/29/16,0  4  / 0  1  / 2  0  16,0  2  / 0  3  / 2  0  16,Boeing Com pany,El Segundo,25,Layof f  Unk nown at this  tim e
2/1/16,0  3  / 3  1  / 2  0  16,0  2  / 0  3  / 2  0  16,United T ec hnologies  Corporation,San Diego,103,Clos ure Perm anent
2/1/16,0  4  / 0  3  / 2  0  16,0  2  / 0  3  / 2  0  16,Bon Appetit Managem ent Com pany,San Franc is c o,79,Clos ure Perm anent
2/2/16,0  4  / 0  1  / 2  0  16,0  2  / 0  3  / 2  0  16,"Forever 21 Retail, Inc .",Hanf ord,51,Clos ure Perm anent
2/2/16,0  4  / 0  1  / 2  0  16,0  2  / 0  3  / 2  0  16,"Forever 21 Retail, Inc .",Yuba City,56,Clos ure Perm anent
2/2/16,0  4  / 0  5  / 2  0  16,0  2  / 0  3  / 2  0  16,Freeport-Mc MoRan Oil & G as  LLC,O rc utt,64,Layof f  Perm anent
2/4/16,0  2  / 1  9  / 2  0  16,0  2  / 0  4  / 2  0  16,"VF Contem porary Brands , Inc .",Vernon,73,Clos ure Perm anent
2/2/16,0  4  / 1  0  / 2  0  16,0  2  / 0  5  / 2  0  16,"Autodes k , Inc .",San Franc is c o,60,Layof f  Perm anent
2/2/16,0  4  / 1  0  / 2  0  16,0  2  / 0  5  / 2  0  16,"Autodes k , Inc .",San Franc is c o,8,Layof f  Perm anent
2/2/16,0  4  / 1  0  / 2  0  16,0  2  / 0  5  / 2  0  16,"Autodes k , Inc .",San Franc is c o,3,Layof f  Perm anent
2/2/16,0  4  / 1  0  / 2  0  16,0  2  / 0  5  / 2  0  16,"Autodes k , Inc .",San Raf ael,48,Layof f  Perm anent
2/4/16,0  4  / 0  4  / 2  0  16,0  2  / 0  8  / 2  0  16,Vis iting Nurs e As s oc iation of  the Inland,Vic torville,178,Clos ure Perm anent
2/8/16,0  4  / 0  8  / 2  0  16,0  2  / 0  8  / 2  0  16,Alberts ons  Com panies,Pleas anton,24,Layof f  Unk nown at this  tim e
1/28/16,0  1  / 2  8  / 2  0  16,0  2  / 0  9  / 2  0  16,"Spac e Sys tem s /Loral, LLC",Palo Alto,122,Layof f  Perm anent
2/3/16,0  2  / 0  4  / 2  0  16,0  2  / 0  9  / 2  0  16,"B&H Educ ation Holdings , LLC & B&H",W hittier,73,Clos ure Perm anent
2/3/16,0  4  / 0  9  / 2  0  16,0  2  / 0  9  / 2  0  16,J CPenney,Cupertino,147,Clos ure Perm anent
2/8/16,0  4  / 0  8  / 2  0  16,0  2  / 0  9  / 2  0  16,"Inland Early Steps  Servic es , Inc .",Corona,79,Clos ure Perm anent
2/5/16,0  4  / 0  1  / 2  0  16,0  2  / 1  0  / 2  0  16,UT i,Long Beac h,64,Clos ure Perm anent
2/10/16,0  4  / 1  1  / 2  0  16,0  2  / 1  0  / 2  0  16,Yahoo!  Inc .,Sunnyvale,107,Layof f  Perm anent
2/8/16,0  4  / 0  8  / 2  0  16,0  2  / 1  2  / 2  0  16,Southern Calif ornia Edis on Com pany,Ros em ead,48,Layof f  Perm anent
2/12/16,0  4  / 1  5  / 2  0  16,0  2  / 1  2  / 2  0  16,Kraf t Heinz Foods  Com pany,San Leandro,117,Clos ure Perm anent
2/12/16,0  6  / 1  5  / 2  0  16,0  2  / 1  2  / 2  0  16,Pinec res t Sc hools,W oodland Hills,71,Clos ure Perm anent
2/12/16,0  6  / 1  5  / 2  0  16,0  2  / 1  2  / 2  0  16,Pinec res t Sc hools,Canyon Country,24,Clos ure Perm anent
2/12/16,0  6  / 1  5  / 2  0  16,0  2  / 1  2  / 2  0  16,Pinec res t Sc hools,Moorpark,37,Clos ure Perm anent
2/12/16,0  6  / 1  5  / 2  0  16,0  2  / 1  2  / 2  0  16,Pinec res t Sc hools,T hous and Oaks,37,Clos ure Perm anent
2/12/16,0  6  / 1  5  / 2  0  16,0  2  / 1  2  / 2  0  16,Pinec res t Sc hools,Sim i Valley,44,Clos ure Perm anent
2/11/16,0  1  / 2  2  / 2  0  16,0  2  / 1  6  / 2  0  16,HP Inc .,Palo Alto,74,Layof f  Perm anent
2/11/16,0  2  / 1  0  / 2  0  16,0  2  / 1  6  / 2  0  16,Sym antec  Corporation,Mountain View,6,Layof f  Perm anent
2/11/16,0  4  / 1  7  / 2  0  16,0  2  / 1  6  / 2  0  16,"T he Ritz-Carlton, Lak e T ahoe",T ruc k ee,253,Clos ure T em porary
2/12/16,0  2  / 1  8  / 2  0  16,0  2  / 1  6  / 2  0  16,"T os hiba Am eric a Inf orm ation Sys tem s ,",Irvine,7,Layof f  Perm anent
2/15/16,0  4  / 1  8  / 2  0  16,0  2  / 1  6  / 2  0  16,"SK T extile, Inc .",Vernon,51,Clos ure Perm anent
2/16/16,0  4  / 1  8  / 2  0  16,0  2  / 1  6  / 2  0  16,O dwalla Inc .,Dinuba,164,Clos ure Perm anent
2/12/16,0  4  / 1  2  / 2  0  16,0  2  / 1  7  / 2  0  16,"T angoMe, Inc .",Mountain View,53,Layof f  Perm anent
2/17/16,0  4  / 1  8  / 2  0  16,0  2  / 1  7  / 2  0  16,Yahoo!  Inc .,Sunnyvale,127,Layof f  Perm anent
2/17/16,0  4  / 1  8  / 2  0  16,0  2  / 1  7  / 2  0  16,Yahoo!  Inc .,San Franc is c o,45,Layof f  Perm anent
2/17/16,0  4  / 1  8  / 2  0  16,0  2  / 1  7  / 2  0  16,Yahoo!  Inc .,Los  Angeles,60,Layof f  Perm anent
2/17/16,0  4  / 1  8  / 2  0  16,0  2  / 1  7  / 2  0  16,Yahoo!  Inc .,Burbank,90,Clos ure Perm anent
2/15/16,0  2  / 2  6  / 2  0  16,0  2  / 1  8  / 2  0  16,Valley Fine Foods,Benic ia,94,Clos ure Perm anent
2/16/16,0  4  / 1  7  / 2  0  16,0  2  / 1  8  / 2  0  16,Calif ornia Res ourc es  Corporation,Bak ers f ield,74,Layof f  Perm anent
2/17/16,0  4  / 1  8  / 2  0  16,0  2  / 1  8  / 2  0  16,"Pac if ic  Harves t, Inc .",G uadalupe,75,Layof f  Perm anent
2/12/16,0  2  / 0  9  / 2  0  16,0  2  / 2  2  / 2  0  16,BAE SYST EMS,San Franc is c o,2,Layof f  T em porary
2/12/16,0  2  / 0  9  / 2  0  16,0  2  / 2  2  / 2  0  16,BAE SYST EMS,San Franc is c o,228,Layof f  T em porary
2/19/16,0  4  / 1  9  / 2  0  16,0  2  / 2  2  / 2  0  16,Brak e Parts  Inc .,Chowc hilla,111,Layof f  Perm anent
2/19/16,0  4  / 1  9  / 2  0  16,0  2  / 2  2  / 2  0  16,Vintage Es tates,Yountville,326,Layof f  Perm anent
2/22/16,0  4  / 2  7  / 2  0  16,0  2  / 2  2  / 2  0  16,"BCBG  Max Azria Group, LLC",Vernon,71,Layof f  Perm anent
2/18/16,0  7  / 3  1  / 2  0  16,0  2  / 2  3  / 2  0  16,Mallinc k rodt Pharm ac eutic als,Hayward,43,Clos ure Perm anent
2/22/16,0  3  / 3  1  / 2  0  16,0  2  / 2  3  / 2  0  16,Kabam  LA,Los  Angeles,1,Layof f  Perm anent
2/22/16,0  3  / 3  1  / 2  0  16,0  2  / 2  3  / 2  0  16,"Kabam , Inc .",San Franc is c o,75,Layof f  Perm anent
2/23/16,0  4  / 2  5  / 2  0  16,0  2  / 2  3  / 2  0  16,T G I Friday' s,Laguna Niguel,51,Clos ure Perm anent
2/18/16,0  3  / 3  1  / 2  0  16,0  2  / 2  4  / 2  0  16,"Freedom  Com m unic ations , Inc .",Santa Ana,969,Layof f  Unk nown at this  tim e
2/18/16,0  4  / 1  8  / 2  0  16,0  2  / 2  4  / 2  0  16,"Mas low Media Group, Inc .",San Franc is c o,17,Layof f  Perm anent
2/18/16,0  4  / 1  8  / 2  0  16,0  2  / 2  4  / 2  0  16,"Mas low Media Group, Inc .",Culver City,2,Layof f  Perm anent
2/18/16,0  4  / 1  8  / 2  0  16,0  2  / 2  4  / 2  0  16,"Mas low Media Group, Inc .",Los  Angeles,19,Layof f  Perm anent
2/19/16,0  4  / 2  2  / 2  0  16,0  2  / 2  4  / 2  0  16,Boeing Com pany,Huntington Beac h,44,Layof f  Unk nown at this  tim e
2/19/16,0  4  / 2  2  / 2  0  16,0  2  / 2  4  / 2  0  16,Boeing Com pany,Long Beac h,3,Layof f  Unk nown at this  tim e
2/19/16,0  4  / 2  2  / 2  0  16,0  2  / 2  4  / 2  0  16,Boeing Com pany,El Segundo,45,Layof f  Unk nown at this  tim e
1/25/16,0  4  / 0  1  / 2  0  16,0  2  / 2  5  / 2  0  16,Im agine Com m unic ations  Corp.,Sunnyvale,50,Clos ure Perm anent
2/23/16,0  4  / 2  5  / 2  0  16,0  2  / 2  5  / 2  0  16,Sutter Central Valley Hos pitals  dba,Modes to,83,Layof f  Unk nown at this  tim e
2/23/16,0  4  / 2  5  / 2  0  16,0  2  / 2  5  / 2  0  16,Sutter Central Valley Hos pitals  dba,Modes to,7,Layof f  Unk nown at this  tim e
2/23/16,0  4  / 2  5  / 2  0  16,0  2  / 2  5  / 2  0  16,Sutter Central Valley Hos pitals  dba,Modes to,1,Layof f  Unk nown at this  tim e
2/23/16,0  4  / 2  5  / 2  0  16,0  2  / 2  5  / 2  0  16,Sutter Central Valley Hos pitals  dba,Modes to,1,Layof f  Unk nown at this  tim e
2/23/16,0  4  / 2  5  / 2  0  16,0  2  / 2  5  / 2  0  16,Sutter Central Valley Hos pitals  dba,Modes to,4,Layof f  Unk nown at this  tim e
2/26/16,0  4  / 2  5  / 2  0  16,0  2  / 2  6  / 2  0  16,"Xerox Bus ines s  Servic es , LLC",Bak ers f ield,15,Layof f  Perm anent
2/24/16,0  5  / 0  4  / 2  0  16,0  2  / 2  9  / 2  0  16,Pac if ic  Bell T elephone Com pany,T us tin,121,Layof f  Perm anent
2/26/16,0  2  / 2  9  / 2  0  16,0  2  / 2  9  / 2  0  16,"YourPeople, Inc . d/b/a Zenef its  FT W",San Franc is c o,83,Layof f  Perm anent
2/26/16,0  4  / 2  9  / 2  0  16,0  2  / 2  9  / 2  0  16,Direc t Energy,Corona,47,Clos ure Unk nown at this  tim e
2/22/16,0  4  / 2  9  / 2  0  16,0  3  / 0  1  / 2  0  16,"Inves tor' s  Bus ines s  Daily, Inc .",Los  Angeles,42,Layof f  Perm anent
2/22/16,0  4  / 2  9  / 2  0  16,0  3  / 0  1  / 2  0  16,"Inves tor' s  Bus ines s  Daily, Inc .",W oodland Hills,1,Layof f  Perm anent
2/22/16,0  4  / 2  9  / 2  0  16,0  3  / 0  1  / 2  0  16,"Inves tor' s  Bus ines s  Daily, Inc .",Sunnyvale,3,Layof f  Perm anent
2/22/16,0  4  / 2  9  / 2  0  16,0  3  / 0  1  / 2  0  16,"Inves tor' s  Bus ines s  Daily, Inc .",San Diego,1,Layof f  Perm anent
2/22/16,0  4  / 2  9  / 2  0  16,0  3  / 0  1  / 2  0  16,"Inves tor' s  Bus ines s  Daily, Inc .",Coto De Caza,1,Layof f  Perm anent
2/22/16,0  4  / 2  9  / 2  0  16,0  3  / 0  1  / 2  0  16,"Inves tor' s  Bus ines s  Daily, Inc .",Valenc ia,1,Layof f  Perm anent
2/29/16,0  3  / 0  1  / 2  0  16,0  3  / 0  1  / 2  0  16,T iVo Inc .,San J os e,52,Layof f  Perm anent
3/1/16,0  3  / 0  1  / 2  0  16,0  3  / 0  1  / 2  0  16,SurveyMonk ey Inc .,Palo Alto,57,Layof f  Perm anent
3/1/16,0  4  / 3  0  / 2  0  16,0  3  / 0  1  / 2  0  16,National Oilwell Varc o,O range,232,Layof f  Perm anent
3/1/16,0  5  / 0  1  / 2  0  16,0  3  / 0  2  / 2  0  16,Baxalta U.S. Inc .,T hous and Oaks,100,Layof f  Perm anent
3/1/16,0  5  / 0  1  / 2  0  16,0  3  / 0  2  / 2  0  16,Baxalta U.S. Inc .,Los  Angeles,132,Layof f  Perm anent
3/1/16,0  5  / 0  1  / 2  0  16,0  3  / 0  2  / 2  0  16,Baxalta U.S. Inc .,Van Nuys,7,Layof f  Perm anent
3/1/16,0  4  / 3  0  / 2  0  16,0  3  / 0  3  / 2  0  16,"NetApp, Inc .",Sunnyvale,376,Layof f  Perm anent
3/4/16,0  5  / 0  3  / 2  0  16,0  3  / 0  4  / 2  0  16,"Southern Hom e Care Servic es , Inc .",San Leandro,123,Clos ure Perm anent
3/7/16,0  5  / 0  6  / 2  0  16,0  3  / 0  7  / 2  0  16,"Barnes  & Noble College Book s ellers , LLC",Mountain View,40,Clos ure Perm anent
2/17/16,0  4  / 1  5  / 2  0  16,0  3  / 0  8  / 2  0  16,Circ or Inc .,Corona,64,Clos ure Perm anent
2/26/16,0  5  / 0  4  / 2  0  16,0  3  / 0  8  / 2  0  16,Envoy Air,Palm  Springs,52,Clos ure Perm anent
3/1/16,0  5  / 1  3  / 2  0  16,0  3  / 0  8  / 2  0  16,City National Bank,Los  Angeles,5,Clos ure Perm anent
3/1/16,0  5  / 3  1  / 2  0  16,0  3  / 0  8  / 2  0  16,Mem orial Health Servic es,San Clem ente,194,Clos ure Perm anent
3/8/16,0  3  / 1  1  / 2  0  16,0  3  / 0  9  / 2  0  16,Lyra Sound Inc .,Cypres s,4,Clos ure T em porary
3/8/16,11/11/16,3/10/16,Corning Incorporated,Union City,193,Closure Permanent
3/1/16,5/6/16,3/11/16,Pacific Bell Telephone Company,Tustin,3,Layoff Permanent
3/10/16,5/13/16,3/11/16,"Carbine, LLC",Aliso Viejo,18,Layoff Unknown at this time
3/10/16,3/11/16,3/14/16,"NC Interactive, LLC",Aliso Viejo,11,Layoff Permanent
3/12/16,4/10/16,3/14/16,"GMRI, Inc. dba Seasons 52",Santa Monica,70,Closure Permanent
3/15/16,5/15/16,3/15/16,Georgia-Pacific Gypsum LLC,San Leandro,65,Closure Permanent
3/14/16,5/27/16,3/17/16,"Yamashiro, Inc.",Los Angeles,88,Closure Permanent
2/29/16,1/1/16,3/18/16,"Alma Farms, LLC",Camarillo,73,Closure Permanent
3/14/16,3/31/16,3/18/16,McKesson Corporation,San Francisco,158,Layoff Permanent
3/18/16,5/17/16,3/21/16,"Williams-Sonoma, Inc.",San Francisco,17,Layoff Permanent
3/18/16,5/17/16,3/21/16,"Williams-Sonoma, Inc.",San Francisco,30,Layoff Permanent
3/18/16,5/17/16,3/21/16,"Williams-Sonoma, Inc.",San Francisco,22,Layoff Permanent
3/18/16,5/17/16,3/21/16,"Williams-Sonoma, Inc.",San Francisco,5,Layoff Permanent
3/18/16,5/17/16,3/21/16,"Williams-Sonoma, Inc.",Richmond,1,Layoff Permanent
3/18/16,5/17/16,3/21/16,"Williams-Sonoma, Inc.",Brisbane,3,Layoff Permanent
3/18/16,5/18/16,3/21/16,"Collection Technology, Inc.",Monterey Park,4,Closure Permanent
3/18/16,5/18/16,3/21/16,"Collection Technology, Inc.",Rancho,51,Layoff Permanent
3/18/16,5/20/16,3/21/16,Scripps Health,San Diego,35,Layoff Permanent
3/18/16,5/20/16,3/21/16,Scripps Health,San Diego,1,Layoff Permanent
3/18/16,5/20/16,3/21/16,Scripps Health,San Diego,1,Layoff Permanent
3/18/16,5/20/16,3/21/16,Scripps Health,San Diego,1,Layoff Permanent
3/18/16,5/20/16,3/21/16,Scripps Health,San Diego,1,Layoff Permanent
3/18/16,5/20/16,3/21/16,Scripps Health,San Diego,16,Layoff Permanent
3/18/16,5/20/16,3/21/16,Scripps Health,San Diego,1,Layoff Permanent
3/18/16,5/20/16,3/21/16,Scripps Health,La Mesa,1,Layoff Permanent
3/18/16,5/20/16,3/21/16,Scripps Health,San Diego,1,Layoff Permanent
3/18/16,5/20/16,3/21/16,Scripps Health,Encinitas,1,Layoff Permanent
3/18/16,5/20/16,3/21/16,Scripps Health,Encinitas,2,Layoff Permanent
3/18/16,5/20/16,3/21/16,Scripps Health,La Jolla,4,Layoff Permanent
3/18/16,5/20/16,3/21/16,Scripps Health,La Jolla,3,Layoff Permanent
3/18/16,5/20/16,3/21/16,Scripps Health,Chula Vista,1,Layoff Permanent
3/3/16,6/30/16,3/22/16,"TransitAmerica Services, Inc.",Camp Pendleton,30,Layoff Permanent
3/21/16,5/22/16,3/22/16,"Paris Precision, LLC",Paso Robles,130,Layoff Unknown at this time
3/22/16,3/22/16,3/22/16,ZETA Communities,Mcclellan,122,Closure Permanent
3/15/16,3/10/16,3/23/16,"Mycom North America, Inc.",Santa Fe Springs,138,Closure Permanent
3/18/16,5/20/16,3/23/16,Boeing Company,Huntington Beach,23,Layoff Unknown at this time
3/18/16,5/20/16,3/23/16,Boeing Company,El Segundo,26,Layoff Unknown at this time
3/21/16,5/27/16,3/23/16,"Rockwell Collins, Inc.",Poway,2,Layoff Unknown at this time
,,,,,,
,,,,,53515,