Notice Date,"Effective Date","Received Date",Company,City,"No. O f Employees",Layoff/Closure
6/30/14,0  6  / 1  8  / 2  0  14,0  7  / 0  1  / 2  0  14,Sym antec  Corporation,Mountain View,51,Layof f  Perm anent
6/30/14,0  9  / 1  2  / 2  0  14,0  7  / 0  7  / 2  0  14,"Pos t Foods , LLC",Modes to,52,Clos ure Perm anent
6/30/14,0  9  / 2  6  / 2  0  14,0  7  / 0  7  / 2  0  14,"Pos t Foods , LLC",Modes to,6,Clos ure Perm anent
7/1/14,0  9  / 1  5  / 2  0  14,0  7  / 0  7  / 2  0  14,"Cris s air, Inc",Palm dale,170,Clos ure Perm anent
7/2/14,1  0  / 0  1  / 2  0  14,0  7  / 0  7  / 2  0  14,Brook s  Autom ation Inc .,Petalum a,89,Clos ure Perm anent
7/8/14,0  9  / 0  7  / 2  0  14,0  7  / 0  8  / 2  0  14,"Bim bo Bak eries  USA, Inc .",Fres no,73,Layof f  Perm anent
7/9/14,0  9  / 0  7  / 2  0  14,0  7  / 1  0  / 2  0  14,"Buc a Res taurants  2, Inc ./Buc a di",Irvine,87,Clos ure Perm anent
7/15/14,0  9  / 1  5  / 2  0  14,0  7  / 1  7  / 2  0  14,Xerox Bus ines s  Servic es,Bak ers f ield,38,Layof f  Perm anent
7/17/14,0  9  / 1  5  / 2  0  14,0  7  / 1  7  / 2  0  14,Mic ros if t and Nok ia Inc,San Diego,378,Layof f  Perm anent
7/7/14,0  8  / 3  0  / 2  0  14,0  7  / 2  9  / 2  0  14,"Mc Donald' s  Res taurant/Nic wil, Inc .",Los  Angeles,55,Clos ure Perm anent
7/7/14,0  9  / 0  7  / 2  0  14,0  7  / 2  9  / 2  0  14,IT T  Cannon LLC,Santa Ana,7,Layof f  Perm anent
7/8/14,1  1  / 1  4  / 2  0  14,0  7  / 2  9  / 2  0  14,Am eric an Medic al Res pons e of,T orranc e,120,Clos ure Perm anent
7/11/14,0  9  / 0  9  / 2  0  14,0  7  / 2  9  / 2  0  14,T em ple Com m unity Hos pital,Los  Angeles,288,Clos ure Unk nown at this  tim e
7/15/14,0  9  / 1  5  / 2  0  14,0  7  / 2  9  / 2  0  14,Intuit Inc .,Fols om,10,Layof f  Perm anent
7/15/14,0  9  / 1  5  / 2  0  14,0  7  / 2  9  / 2  0  14,Intuit Inc .,Menlo Park,7,Layof f  Perm anent
7/15/14,0  9  / 1  5  / 2  0  14,0  7  / 2  9  / 2  0  14,Intuit Inc .,Mountain View,65,Layof f  Perm anent
7/18/14,0  9  / 1  6  / 2  0  14,0  7  / 2  9  / 2  0  14,G rand Caf e,San Franc is c o,2,Layof f  Perm anent
7/18/14,0  9  / 1  9  / 2  0  14,0  7  / 2  9  / 2  0  14,Boeing Com pany,El Segundo,23,Layof f  Perm anent
7/18/14,0  9  / 1  9  / 2  0  14,0  7  / 2  9  / 2  0  14,Boeing Com pany,Long Beac h,35,Layof f  Perm anent
7/25/14,0  9  / 2  5  / 2  0  14,0  7  / 2  9  / 2  0  14,G rand Caf e,San Franc is c o,1,Layof f  Perm anent
7/15/14,0  9  / 2  7  / 2  0  14,0  7  / 3  0  / 2  0  14,"Sierra-Cas c ade Nurs ery, Inc ./Ballic o",Ballic o,544,Clos ure T em porary
7/17/14,0  9  / 1  9  / 2  0  14,0  7  / 3  0  / 2  0  14,Fos ter Poultry Farm s,Porterville,60,Layof f  Unk nown at this  tim e
7/21/14,0  9  / 2  2  / 2  0  14,0  7  / 3  0  / 2  0  14,Super Glue/Pac er T ec hnology,Ranc ho,14,Layof f  Perm anent
7/21/14,0  9  / 2  2  / 2  0  14,0  7  / 3  0  / 2  0  14,T .G.I. Friday' s,San Diego,56,Clos ure Perm anent
7/22/14,0  9  / 3  0  / 2  0  14,0  7  / 3  0  / 2  0  14,Novartis  Pharm ac eutic als  Corporation,Vac aville,57,Layof f  Perm anent
7/23/14,0  9  / 2  6  / 2  0  14,0  7  / 3  0  / 2  0  14,Broadc om  Corporation,Irvine,240,Layof f  Perm anent
7/23/14,0  9  / 2  6  / 2  0  14,0  7  / 3  0  / 2  0  14,Broadc om  Corporation,San Diego,203,Layof f  Perm anent
7/23/14,0  9  / 2  6  / 2  0  14,0  7  / 3  0  / 2  0  14,Broadc om  Corporation,San J os e,7,Layof f  Perm anent
7/23/14,0  9  / 2  6  / 2  0  14,0  7  / 3  0  / 2  0  14,Broadc om  Corporation,Santa Clara,7,Layof f  Perm anent
7/23/14,0  9  / 2  6  / 2  0  14,0  7  / 3  0  / 2  0  14,Broadc om  Corporation,Santa Clara,61,Layof f  Perm anent
7/23/14,0  9  / 2  6  / 2  0  14,0  7  / 3  0  / 2  0  14,Broadc om  Corporation,Sunnyvale,112,Layof f  Perm anent
7/23/14,0  9  / 3  0  / 2  0  14,0  7  / 3  0  / 2  0  14,"Bruk er Daltonic s , Inc .",Frem ont,78,Layof f  Perm anent
7/25/14,0  9  / 2  3  / 2  0  14,0  7  / 3  0  / 2  0  14,Raytheon Com pany-Spac e and,El Segundo,24,Layof f  Perm anent
7/25/14,0  9  / 2  4  / 2  0  14,0  7  / 3  0  / 2  0  14,IT T  Cannon LLC,Santa Ana,5,Layof f  Perm anent
7/28/14,0  9  / 2  6  / 2  0  14,0  7  / 3  0  / 2  0  14,"Lazar Indus tries , LLC",Los  Angeles,55,Clos ure Perm anent
7/10/14,0  7  / 1  1  / 2  0  14,0  7  / 3  1  / 2  0  14,Hewlitt-Pac k ard Com pany,Palo Alto,82,Layof f  Perm anent
7/29/14,0  9  / 3  0  / 2  0  14,0  7  / 3  1  / 2  0  14,"Mos s  & Stone, LLC",San Franc is c o,104,Clos ure Unk nown at this  tim e
7/29/14,1  0  / 0  3  / 2  0  14,0  7  / 3  1  / 2  0  14,Millennium  Partners  Sports  Club,San Franc is c o,189,Clos ure Perm anent
7/30/14,0  9  / 3  0  / 2  0  14,0  7  / 3  1  / 2  0  14,"T rius  T herapeutic s , Inc .",San Diego,6,Layof f  Unk nown at this  tim e
7/31/14,0  9  / 3  0  / 2  0  14,0  7  / 3  1  / 2  0  14,"Cerexa, Inc .",O ak land,52,Clos ure Perm anent
7/11/14,0  7  / 1  7  / 2  0  14,0  8  / 0  1  / 2  0  14,"G 2 Sec ure Staf f , LLC (W as te",Pic o Rivera,55,Clos ure Perm anent
7/14/14,0  9  / 0  1  / 2  0  14,0  8  / 0  1  / 2  0  14,DN C - Bac k  Lot Deli-Bradley T erm inal-,Los  Angeles,25,Layof f  Perm anent
7/14/14,0  9  / 2  6  / 2  0  14,0  8  / 0  1  / 2  0  14,T erm inal 2 W olf gang Puc k s -Bradley,Los  Angeles,24,Layof f  Perm anent
7/15/14,0  9  / 1  3  / 2  0  14,0  8  / 0  1  / 2  0  14,Beverly Com m unity Hos pital,Montebello,82,Layof f  Perm anent
7/15/14,0  9  / 1  5  / 2  0  14,0  8  / 0  1  / 2  0  14,Intuit Inc,San Diego,7,Layof f  Perm anent
7/15/14,0  9  / 1  5  / 2  0  14,0  8  / 0  1  / 2  0  14,Intuit Inc,W oodland Hills,120,Layof f  Perm anent
7/16/14,0  9  / 2  9  / 2  0  14,0  8  / 0  1  / 2  0  14,"VPD IV, INc",El Dorado Hills,17,Clos ure Perm anent
7/29/14,0  9  / 3  0  / 2  0  14,0  8  / 0  4  / 2  0  14,T atitlek  Corporation,T wentynine Palm s,2562,Layof f  Perm anent
8/1/14,1  0  / 0  3  / 2  0  14,0  8  / 0  4  / 2  0  14,Nes tle Prepared Foods  Com pany/Hot,Chats worth,353,Layof f  Unk nown at this  tim e
8/1/14,1  0  / 0  7  / 2  0  14,0  8  / 0  4  / 2  0  14,CT I Foods /Cus tom  Food Produc ts,Long Beac h,315,Clos ure Perm anent
7/30/14,1  0  / 0  3  / 2  0  14,0  8  / 0  5  / 2  0  14,Northrop Grum m an Corporation,Fort Irwin,423,Layof f  Perm anent
7/31/14,0  6  / 1  8  / 2  0  14,0  8  / 0  5  / 2  0  14,Sym antec  Corporation,Mountain View,4,Layof f  Perm anent
7/31/14,0  8  / 0  1  / 2  0  14,0  8  / 0  5  / 2  0  14,Hewlett-Pac k ard Com pany,Palo Alto,39,Layof f  Perm anent
8/1/14,0  9  / 1  9  / 2  0  14,0  8  / 0  5  / 2  0  14,Boeing Com pany,Long Beac h,158,Layof f  Unk nown at this  tim e
8/1/14,1  0  / 0  1  / 2  0  14,0  8  / 0  5  / 2  0  14,"United Airlines , Inc .",San Franc is c o,233,Layof f  Perm anent
8/4/14,1  0  / 0  3  / 2  0  14,0  8  / 0  5  / 2  0  14,RMR Financ ial LLC,Santa Monic a,12,Layof f  Perm anent
7/31/14,1  0  / 0  4  / 2  0  14,0  8  / 0  6  / 2  0  14,Foothill T rans it/Firs t T rans it,Arc adia,416,Layof f  Perm anent
8/5/14,1  0  / 0  4  / 2  0  14,0  8  / 0  6  / 2  0  14,"Spac e Sys tem s /Loral, LLC",Palo Alto,53,Layof f  Perm anent
8/5/14,1  0  / 0  5  / 2  0  14,0  8  / 0  7  / 2  0  14,Springleaf  Financ e,Ranc ho,10,Clos ure Perm anent
8/5/14,1  0  / 0  8  / 2  0  14,0  8  / 0  7  / 2  0  14,"Ac tavis , Inc .",Corona,48,Layof f  Perm anent
8/6/14,1  0  / 0  6  / 2  0  14,0  8  / 1  1  / 2  0  14,Sutter Health/ABSMC Sum m it,O ak land,4,Layof f  Perm anent
8/8/14,1  0  / 1  0  / 2  0  14,0  8  / 1  1  / 2  0  14,Southern Calif ornia Edis on Com pany,Azus a,8,Layof f  Perm anent
8/8/14,1  0  / 1  0  / 2  0  14,0  8  / 1  1  / 2  0  14,Southern Calif ornia Edis on Com pany,Baldwin Park,320,Layof f  Perm anent
8/8/14,1  0  / 1  0  / 2  0  14,0  8  / 1  1  / 2  0  14,Southern Calif ornia Edis on Com pany,Ros em ead,82,Layof f  Perm anent
8/12/14,0  8  / 1  2  / 2  0  14,0  8  / 1  3  / 2  0  14,T aylorMade Golf  Com pany,Carls bad,98,Layof f  Perm anent
8/11/14,1  0  / 1  0  / 2  0  14,0  8  / 1  4  / 2  0  14,"RAD  Harves t, LLC",Monterey,1,Layof f  Perm anent
8/11/14,1  0  / 1  0  / 2  0  14,0  8  / 1  4  / 2  0  14,"RAD  Harves t, LLC",Salinas,80,Layof f  Perm anent
8/14/14,0  9  / 2  6  / 2  0  14,0  8  / 1  4  / 2  0  14,"Am c or Rigid Plas tic s  USA, Inc .",Los  Angeles,112,Layof f  Perm anent
8/14/14,1  0  / 1  4  / 2  0  14,0  8  / 1  5  / 2  0  14,Raytheon Com pany-Spac e & Airborne,El Segundo,28,Layof f  Perm anent
8/19/14,0  8  / 1  9  / 2  0  14,0  8  / 1  9  / 2  0  14,"Ris k  Managem ent Solutions , Inc .",Newark,78,Layof f  Perm anent
8/21/14,1  0  / 2  0  / 2  0  14,0  8  / 2  1  / 2  0  14,"Angelic a T extile Servic es , Inc .",San Diego,67,Clos ure Perm anent
8/25/14,1  1  / 0  1  / 2  0  14,0  8  / 2  5  / 2  0  14,BD Medic al,Carls bad,100,Clos ure Perm anent
8/22/14,1  0  / 2  4  / 2  0  14,0  8  / 2  6  / 2  0  14,Boeing Com pany,Huntington Beac h,53,Layof f  Unk nown at this  tim e
8/22/14,1  0  / 2  4  / 2  0  14,0  8  / 2  6  / 2  0  14,Boeing Com pany,Long Beac h,49,Layof f  Unk nown at this  tim e
8/25/14,1  0  / 2  4  / 2  0  14,0  8  / 2  6  / 2  0  14,Ball Metal Food & Hous ehold Produc ts,O ak dale,159,Layof f  Perm anent
8/18/14,1  0  / 2  3  / 2  0  14,0  8  / 2  7  / 2  0  14,Im perium  Sec urity Spec ialis ts,San J os e,45,Layof f  Unk nown at this  tim e
8/22/14,1  0  / 2  4  / 2  0  14,0  8  / 2  7  / 2  0  14,Boeing Com pany,El Segundo,37,Layof f  Unk nown at this  tim e
8/26/14,0  8  / 2  6  / 2  0  14,0  8  / 2  7  / 2  0  14,Dis ney Interac tive,Palo Alto,55,Layof f  Perm anent
8/26/14,0  8  / 2  6  / 2  0  14,0  8  / 2  8  / 2  0  14,"Aruba Network s , Inc .",Sunnyvale,116,Layof f  Perm anent
8/26/14,1  0  / 2  5  / 2  0  14,0  8  / 2  8  / 2  0  14,HSBC,Pom ona,40,Layof f  Perm anent
8/27/14,1  1  / 0  3  / 2  0  14,0  8  / 2  8  / 2  0  14,Prec ys e Solutions  LLC,Los  Angeles,61,Layof f  Perm anent
8/22/14,1  0  / 2  2  / 2  0  14,0  9  / 0  2  / 2  0  14,Super Glue/Pac er T ec hnology,O ntario,10,Layof f  Perm anent
8/22/14,1  0  / 2  2  / 2  0  14,0  9  / 0  2  / 2  0  14,Super Glue/Pac er T ec hnology,Ranc ho,1,Layof f  Perm anent
8/25/14,1  0  / 2  6  / 2  0  14,0  9  / 0  2  / 2  0  14,USS-PO SCO  Indus tries,Pitts burg,643,Layof f  Unk nown at this  tim e
8/5/14,0  8  / 0  4  / 2  0  14,0  9  / 0  3  / 2  0  14,BAE Sys tem s,San Franc is c o,1,Layof f  Unk nown at this  tim e
8/12/14,0  8  / 1  1  / 2  0  14,0  9  / 0  3  / 2  0  14,BAE Sys tem s,San Franc is c o,1,Layof f  Unk nown at this  tim e
8/21/14,1  1  / 1  0  / 2  0  14,0  9  / 0  3  / 2  0  14,"Inves tor' s  Bus ines s  Daily, Inc .",Los  Angeles,38,Layof f  Perm anent
8/25/14,1  0  / 3  1  / 2  0  14,0  9  / 0  3  / 2  0  14,"Allergan, Inc .",Irvine,129,Layof f  Perm anent
8/28/14,1  1  / 0  1  / 2  0  14,0  9  / 0  3  / 2  0  14,Menzies  Aviation LAX,Los  Angeles,65,Layof f  Perm anent
8/28/14,1  1  / 0  1  / 2  0  14,0  9  / 0  4  / 2  0  14,Stingaree,San Diego,111,Clos ure Perm anent
9/2/14,1  1  / 0  3  / 2  0  14,0  9  / 0  4  / 2  0  14,"Exelixis , Inc .",South San,152,Layof f  Perm anent
8/25/14,0  9  / 0  9  / 2  0  14,0  9  / 0  5  / 2  0  14,BAE Sys tem s,San Franc is c o,87,Layof f  T em porary
8/29/14,1  0  / 0  1  / 2  0  14,0  9  / 0  5  / 2  0  14,Sym antec  Corporation,Mountain View,2,Layof f  Perm anent
8/29/14,1  0  / 2  9  / 2  0  14,0  9  / 0  5  / 2  0  14,T he Hous e of  Big Fis h and Ic e Cold,Laguna Beac h,58,Clos ure Perm anent
9/2/14,1  0  / 2  6  / 2  0  14,0  9  / 0  5  / 2  0  14,Bank  of  Am eric a,Sim i Valley,36,Layof f  Perm anent
9/4/14,1  1  / 0  7  / 2  0  14,0  9  / 0  5  / 2  0  14,T he Ac tive Network,San Diego,47,Layof f  Perm anent
9/5/14,1  1  / 0  7  / 2  0  14,0  9  / 0  5  / 2  0  14,Q BE North Am eric a,Irvine,68,Layof f  Unk nown at this  tim e
9/4/14,1  1  / 0  6  / 2  0  14,0  9  / 0  9  / 2  0  14,Narus,Sunnyvale,17,Layof f  Perm anent
9/8/14,1  1  / 0  3  / 2  0  14,0  9  / 0  9  / 2  0  14,"Exelixis , Inc .",South San,2,Layof f  Perm anent
9/3/14,1  0  / 3  1  / 2  0  14,0  9  / 1  0  / 2  0  14,"Sec urity Indus try Spec ialis t, Inc .",San Bruno,10,Layof f  Perm anent
9/3/14,1  0  / 3  1  / 2  0  14,0  9  / 1  0  / 2  0  14,"Sec urity Indus try Spec ialis ts , Inc .",Mountain View,310,Layof f  Perm anent
9/3/14,1  0  / 3  1  / 2  0  14,0  9  / 1  0  / 2  0  14,"Sec urity Indus try Spec ialis ts , Inc .",Palo Alto,3,Layof f  Perm anent
9/3/14,1  0  / 3  1  / 2  0  14,0  9  / 1  0  / 2  0  14,"Sec urity Indus try Spec ialis ts , Inc .",San Franc is c o,12,Layof f  Perm anent
9/8/14,1  1  / 0  7  / 2  0  14,0  9  / 1  5  / 2  0  14,Dis c over Hom e Loans,Irvine,4,Layof f  Perm anent
9/9/14,1  1  / 1  0  / 2  0  14,0  9  / 1  5  / 2  0  14,Antelope Valley Hos pital,Lanc as ter,99,Layof f  Unk nown at this  tim e
9/12/14,1  1  / 1  4  / 2  0  14,0  9  / 1  5  / 2  0  14,Duc om m un Inc orporated/Duc om m un,Monrovia,68,Layof f  Perm anent
9/7/14,1  1  / 1  0  / 2  0  14,0  9  / 1  7  / 2  0  14,Aram ark  Managem ent Servic es,Los  Alam itos,51,Clos ure Perm anent
9/11/14,1  1  / 1  0  / 2  0  14,0  9  / 1  7  / 2  0  14,Calif ornia Supers tores  Valenc ia CJ DR,Valenc ia,64,Clos ure Unk nown at this  tim e
9/15/14,1  1  / 1  4  / 2  0  14,0  9  / 1  7  / 2  0  14,United T ec hnologies,San Diego,6,Clos ure Perm anent
9/15/14,1  1  / 1  6  / 2  0  14,0  9  / 1  7  / 2  0  14,Drew Ford,La Mes a,281,Clos ure Perm anent
9/10/14,1  1  / 0  2  / 2  0  14,0  9  / 1  8  / 2  0  14,Bank  of  Am eric a,Los  Angeles,5,Layof f  Perm anent
9/11/14,1  1  / 1  0  / 2  0  14,0  9  / 1  8  / 2  0  14,Morrison Healthc are,Los  Alam itos,53,Clos ure Perm anent
9/11/14,1  1  / 1  5  / 2  0  14,0  9  / 1  8  / 2  0  14,Morrison Healthc are,Palm  Springs,85,Clos ure Perm anent
9/15/14,1  1  / 1  4  / 2  0  14,0  9  / 1  8  / 2  0  14,Yahoo!  Inc .,Carls bad,59,Clos ure Perm anent
9/15/14,1  1  / 2  4  / 2  0  14,0  9  / 1  8  / 2  0  14,W arren' s  Blac k board,North Hollywood,58,Layof f  Perm anent
9/17/14,0  9  / 1  7  / 2  0  14,0  9  / 1  8  / 2  0  14,"Hightail, Inc .",Cam pbell,74,Layof f  Perm anent
9/17/14,1  1  / 2  4  / 2  0  14,0  9  / 1  8  / 2  0  14,San Franc is c o Marriott Marquis,San Franc is c o,22,Layof f  T em porary
9/12/14,1  1  / 1  2  / 2  0  14,0  9  / 2  2  / 2  0  14,BD Bios c ienc es,San J os e,60,Layof f  Perm anent
9/15/14,1  1  / 1  9  / 2  0  14,0  9  / 2  3  / 2  0  14,Ralphs  Groc ery Com pany,W hittier,62,Clos ure Unk nown at this  tim e
9/19/14,1  1  / 1  9  / 2  0  14,0  9  / 2  3  / 2  0  14,W es tern/Indus pac  Pac k aging Group,Liverm ore,46,Clos ure Unk nown at this  tim e
9/15/14,1  1  / 1  7  / 2  0  14,0  9  / 2  5  / 2  0  14,Dis c over Financ ial Servic es -Pers onal,Irvine,25,Layof f  Perm anent
9/15/14,1  1  / 1  7  / 2  0  14,0  9  / 2  5  / 2  0  14,Morrison Healthc are,Fountain Valley,91,Clos ure Perm anent
9/17/14,1  1  / 1  7  / 2  0  14,0  9  / 2  5  / 2  0  14,"Mic ros of t and Nok ia, Inc .",Mountain View,94,Layof f  Perm anent
9/18/14,1  1  / 1  7  / 2  0  14,0  9  / 2  5  / 2  0  14,"Mic ros of t and Nok ia, Inc .",San Diego,13,Layof f  Perm anent
9/18/14,1  1  / 1  7  / 2  0  14,0  9  / 2  5  / 2  0  14,"Mic ros of t and Nok ia, Inc .",Sunnyvale,53,Layof f  Perm anent
9/19/14,1  1  / 1  8  / 2  0  14,0  9  / 2  5  / 2  0  14,Sierra Nevada Corporation,Poway,33,Clos ure Perm anent
9/19/14,1  1  / 2  2  / 2  0  14,0  9  / 2  5  / 2  0  14,Envoy Air,Los  Angeles,107,Layof f  Perm anent
9/22/14,1  1  / 2  1  / 2  0  14,0  9  / 2  5  / 2  0  14,O f f ic e Max,Menlo Park,74,Clos ure Perm anent
9/22/14,1  1  / 2  1  / 2  0  14,0  9  / 2  9  / 2  0  14,Moark  LLC,Fontana,73,Clos ure Perm anent
9/15/14,1  1  / 1  7  / 2  0  14,0  9  / 3  0  / 2  0  14,Dis c over Financ ial Servic es,Irvine,25,Layof f  Perm anent
9/22/14,1  0  / 3  1  / 2  0  14,0  9  / 3  0  / 2  0  14,Arc ata As s oc iates  Inc .,Edwards,101,Layof f  Perm anent
9/22/14,1  1  / 2  1  / 2  0  14,0  9  / 3  0  / 2  0  14,Moark  LLC,Menif ee,25,Clos ure Perm anent
9/22/14,1  1  / 2  1  / 2  0  14,0  9  / 3  0  / 2  0  14,Moark  LLC,Nuevo,87,Clos ure Perm anent
9/22/14,1  1  / 2  3  / 2  0  14,0  9  / 3  0  / 2  0  14,Silgan Containers,Riverbank,178,Layof f  T em porary
9/22/14,1  0  / 1  0  / 2  0  14,1  0  / 0  1  / 2  0  14,"Cis c o Sys tem s , Inc .",San J os e,1005,Layof f  Perm anent
9/22/14,1  1  / 2  1  / 2  0  14,1  0  / 0  1  / 2  0  14,Boeing Com pany,Huntington Beac h,40,Layof f  Unk nown at this  tim e
9/26/14,1  0  / 2  7  / 2  0  14,1  0  / 0  1  / 2  0  14,Exide T ec hnologies,Los  Angeles,61,Layof f  T em porary
9/22/14,1  1  / 2  1  / 2  0  14,1  0  / 0  2  / 2  0  14,Boeing Com pany,Long Beac h,227,Layof f  Unk nown at this  tim e
9/22/14,1  1  / 2  1  / 2  0  14,1  0  / 0  3  / 2  0  14,Boeing Com pany,El Segundo,51,Layof f  Unk nown at this  tim e
9/16/14,0  9  / 3  0  / 2  0  14,1  0  / 0  6  / 2  0  14,As s et Protec tion and Sec urity,El Centro,184,Clos ure Perm anent
9/30/14,1  2  / 0  1  / 2  0  14,1  0  / 0  6  / 2  0  14,MBM Foods ervic e,Fullerton,76,Clos ure Perm anent
9/25/14,1  1  / 2  4  / 2  0  14,1  0  / 0  7  / 2  0  14,"As tronic s  T es t Sys tem s , Inc .",Irvine,53,Layof f  Perm anent
9/26/14,1  1  / 1  5  / 2  0  14,1  0  / 0  7  / 2  0  14,Crothall Halthc are-Des ert Regional,Palm  Springs,81,Clos ure Perm anent
10/2/14,0  1  / 1  7  / 2  0  15,1  0  / 0  7  / 2  0  14,"Kohl' s  Departm ent Stores , Inc .",Hayward,90,Clos ure Perm anent
10/2/14,1  2  / 0  2  / 2  0  14,1  0  / 0  7  / 2  0  14,Mc G raw-Hill Educ ation,Monterey,47,Layof f  Unk nown at this  tim e
10/1/14,1  2  / 0  1  / 2  0  14,1  0  / 0  8  / 2  0  14,IT T  Cannon LLC,Santa Ana,41,Layof f  Perm anent
10/3/14,1  1  / 0  6  / 2  0  14,1  0  / 0  8  / 2  0  14,"Alberts on' s , LLC",Hawthorne,78,Clos ure Perm anent
10/3/14,1  2  / 3  1  / 2  0  14,1  0  / 0  8  / 2  0  14,Atrium  Corporation,O ntario,131,Clos ure Perm anent
9/29/14,1  1  / 2  8  / 2  0  14,1  0  / 0  9  / 2  0  14,"Allergan, Inc .",Carls bad,40,Layof f  Perm anent
9/29/14,1  1  / 2  8  / 2  0  14,1  0  / 1  3  / 2  0  14,"Allergan, Inc .",Irvine,371,Layof f  Perm anent
9/15/14,1  1  / 3  0  / 2  0  14,1  0  / 1  4  / 2  0  14,"Nor-Cal Beverage Co, Inc .",Loom is,118,Layof f  Perm anent
9/15/14,1  1  / 3  0  / 2  0  14,1  0  / 1  4  / 2  0  14,"Nor-Cal Beverage Co., Inc ./G o Girl",W es t Sac ram ento,10,Layof f  Perm anent
9/28/14,1  1  / 2  8  / 2  0  14,1  0  / 1  4  / 2  0  14,T atitlek  Corporation,T wentynine Palm s,125,Layof f  Perm anent
9/29/14,1  1  / 2  8  / 2  0  14,1  0  / 1  4  / 2  0  14,"Allergan, Inc .",G oleta,134,Clos ure Perm anent
9/29/14,1  1  / 2  9  / 2  0  14,1  0  / 1  4  / 2  0  14,Super Glue/Pac er T ec hnology,Ranc ho,65,Layof f  Perm anent
9/23/14,1  1  / 3  0  / 2  0  14,1  0  / 1  6  / 2  0  14,"Km art, Store #3276",San Leandro,102,Clos ure Perm anent
9/23/14,1  1  / 3  0  / 2  0  14,1  0  / 1  6  / 2  0  14,"Km art, Store #4281",Covina,92,Clos ure Perm anent
9/25/14,1  0  / 2  5  / 2  0  14,1  0  / 1  6  / 2  0  14,T ri Counties  Bank,Redding,34,Layof f  Perm anent
9/25/14,1  0  / 2  5  / 2  0  14,1  0  / 1  6  / 2  0  14,T ri Counties  Bank,Redding,40,Layof f  Perm anent
10/1/14,1  2  / 3  1  / 2  0  14,1  0  / 1  6  / 2  0  14,Prom etheus  Real Es tate Group,Hayward,5,Layof f  Perm anent
10/1/14,1  2  / 3  1  / 2  0  14,1  0  / 1  6  / 2  0  14,Prom etheus  Real Es tate Group,Los  Gatos,8,Layof f  Perm anent
10/1/14,1  2  / 3  1  / 2  0  14,1  0  / 1  6  / 2  0  14,Prom etheus  Real Es tate Group,Mountain View,9,Layof f  Perm anent
10/1/14,1  2  / 3  1  / 2  0  14,1  0  / 1  6  / 2  0  14,Prom etheus  Real Es tate Group,San Mateo,9,Layof f  Perm anent
10/1/14,1  2  / 3  1  / 2  0  14,1  0  / 2  0  / 2  0  14,Prom etheus  Real Es tate Group,San J os e,6,Layof f  Perm anent
10/1/14,1  2  / 3  1  / 2  0  14,1  0  / 2  0  / 2  0  14,Prom etheus  Real Es tate Group,Santa Clara,9,Layof f  Perm anent
10/10/14,1  2  / 1  2  / 2  0  14,1  0  / 2  0  / 2  0  14,Boeing Com pany,El Segundo,34,Layof f  Unk nown at this  tim e
10/10/14,1  2  / 1  2  / 2  0  14,1  0  / 2  0  / 2  0  14,Boeing Com pany,Huntington Beac h,61,Layof f  Unk nown at this  tim e
10/10/14,1  2  / 1  2  / 2  0  14,1  0  / 2  0  / 2  0  14,Boeing Com pany,Long Beac h,44,Layof f  Unk nown at this  tim e
10/16/14,1  0  / 1  7  / 2  0  14,1  0  / 2  0  / 2  0  14,Chuk c hans i Gold Res ort & Cas ino,Coars egold,1034,Clos ure T em porary
10/1/14,1  2  / 3  1  / 2  0  14,1  0  / 2  1  / 2  0  14,Prom etheus  Real Es tate Group,Dublin,7,Layof f  Perm anent
10/1/14,1  2  / 3  1  / 2  0  14,1  0  / 2  1  / 2  0  14,Prom etheus  Real Es tate Group,Frem ont,6,Layof f  Perm anent
10/1/14,1  2  / 3  1  / 2  0  14,1  0  / 2  1  / 2  0  14,Prom etheus  Real Es tate Group,Pleas anton,5,Layof f  Perm anent
10/1/14,1  2  / 3  1  / 2  0  14,1  0  / 2  1  / 2  0  14,Prom etheus  Real Es tate Group,Sac ram ento,6,Layof f  Perm anent
10/1/14,1  2  / 3  1  / 2  0  14,1  0  / 2  1  / 2  0  14,Prom etheus  Real Es tate Group,San J os e,6,Layof f  Perm anent
10/1/14,1  2  / 3  1  / 2  0  14,1  0  / 2  1  / 2  0  14,Prom etheus  Real Es tate Group,San J os e,7,Layof f  Perm anent
10/1/14,1  2  / 3  1  / 2  0  14,1  0  / 2  1  / 2  0  14,Prom etheus  Real Es tate Group,San J os e,10,Layof f  Perm anent
10/3/14,1  2  / 1  9  / 2  0  14,1  0  / 2  2  / 2  0  14,City National Bank,Cos ta Mes a,2,Clos ure Perm anent
10/8/14,1  2  / 0  7  / 2  0  14,1  0  / 2  2  / 2  0  14,Bank  of  Am eric a,Canoga Park,57,Layof f  Perm anent
10/14/14,1  0  / 1  6  / 2  0  14,1  0  / 2  2  / 2  0  14,Harrold Ford,Sac ram ento,120,Layof f  Unk nown at this  tim e
10/15/14,1  2  / 1  5  / 2  0  14,1  0  / 2  2  / 2  0  14,Albertelli Law,Chats worth,66,Layof f  Perm anent
10/15/14,1  2  / 1  6  / 2  0  14,1  0  / 2  2  / 2  0  14,Volc ano Corporation,Ranc ho Cordova,170,Layof f  Perm anent
10/15/14,1  2  / 1  9  / 2  0  14,1  0  / 2  2  / 2  0  14,T he Ac tive Network,San Diego,65,Layof f  Perm anent
10/10/14,0  9  / 0  9  / 2  0  14,1  0  / 2  3  / 2  0  14,BAE Sys tem s,San Franc is c o,201,Layof f  T em porary
10/15/14,1  1  / 2  6  / 2  0  14,1  0  / 2  7  / 2  0  14,Bon Appetit Managem ent Com pany,Santa Clara,97,Clos ure Perm anent
10/17/14,1  2  / 3  1  / 2  0  14,1  0  / 2  7  / 2  0  14,Am eric an Medic al Res pons e W es t,Modes to,211,Layof f  Perm anent
10/17/14,1  2  / 1  9  / 2  0  14,1  0  / 2  8  / 2  0  14,T HINK T ogether,Santa Ana,77,Layof f  Perm anent
10/20/14,1  2  / 1  9  / 2  0  14,1  0  / 2  8  / 2  0  14,W alt Dis ney Pic tures,Burbank,61,Layof f  Perm anent
10/21/14,1  2  / 2  0  / 2  0  14,1  0  / 2  8  / 2  0  14,Fallbrook  Hos pital,Fallbrook,269,Layof f  Perm anent
10/21/14,1  2  / 2  0  / 2  0  14,1  0  / 2  8  / 2  0  14,Fallbrook  Hos pital Sk illed Nurs ing,Fallbrook,96,Layof f  Perm anent
10/21/14,1  2  / 2  2  / 2  0  14,1  0  / 2  8  / 2  0  14,Hac ienda Hotel,El Segundo,28,Clos ure T em porary
10/22/14,1  2  / 2  2  / 2  0  14,1  0  / 2  8  / 2  0  14,"Am gen, Inc .",Newbury Park,349,Layof f  Perm anent
10/15/14,0  1  / 1  1  / 2  0  15,1  0  / 2  9  / 2  0  14,Km art,El Centro,75,Clos ure Perm anent
10/22/14,1  0  / 2  4  / 2  0  14,1  0  / 2  9  / 2  0  14,"Carbine, LLC",Alis o Viej o,60,Layof f  Unk nown at this  tim e
10/23/14,0  1  / 1  6  / 2  0  15,1  0  / 2  9  / 2  0  14,XO  Group Inc .,Redding,113,Clos ure Perm anent
10/23/14,1  2  / 2  3  / 2  0  14,1  0  / 2  9  / 2  0  14,Supertex LLC/Mic roc hip T ec hnology,San J os e,83,Layof f  Perm anent
10/24/14,1  2  / 2  3  / 2  0  14,1  0  / 2  9  / 2  0  14,"Hartm an Studios , Inc .",Ric hm ond,219,Layof f  Perm anent
10/24/14,1  2  / 3  1  / 2  0  14,1  0  / 2  9  / 2  0  14,Firs t Student,Upland,156,Clos ure Perm anent
10/24/14,0  1  / 0  2  / 2  0  15,1  0  / 3  0  / 2  0  14,HG ST,San J os e,26,Layof f  Perm anent
10/24/14,0  1  / 0  2  / 2  0  15,1  0  / 3  0  / 2  0  14,HG ST,San J os e,47,Layof f  Perm anent
10/24/14,1  2  / 2  9  / 2  0  14,1  0  / 3  0  / 2  0  14,"LMC Servic es , Inc .",G lendale,93,Clos ure Perm anent
10/28/14,1  0  / 2  9  / 2  0  14,1  0  / 3  0  / 2  0  14,"Advanc ed Mic ro Devic es , Inc .",Sunnyvale,57,Layof f  Unk nown at this  tim e
10/28/14,1  2  / 2  6  / 2  0  14,1  0  / 3  0  / 2  0  14,Verizon Calif ornia Inc .,Vic torville,58,Clos ure Perm anent
10/29/14,1  2  / 2  8  / 2  0  14,1  0  / 3  1  / 2  0  14,Mic ros of t and Nok ia Inc .,San Diego,154,Layof f  Perm anent
10/29/14,1  2  / 2  8  / 2  0  14,1  1  / 0  4  / 2  0  14,Mic ros of t and Nok ia Inc .,Mountain View,8,Layof f  Perm anent
10/15/14,1  2  / 1  9  / 2  0  14,1  1  / 0  6  / 2  0  14,O lam  Spic es  & Vegetables,Modes to,242,Layof f  Perm anent
10/22/14,1  2  / 2  2  / 2  0  14,1  1  / 0  6  / 2  0  14,Fallbrook  Hom e Health and Hos pic e,Fallbrook,37,Clos ure Perm anent
10/24/14,0  1  / 0  2  / 2  0  15,1  1  / 0  6  / 2  0  14,HG ST,San J os e,3,Layof f  Perm anent
10/27/14,0  1  / 0  5  / 2  0  15,1  1  / 0  6  / 2  0  14,Sutter Am ador Hos pital,J ac k s on,1,Layof f  Perm anent
10/29/14,1  2  / 2  8  / 2  0  14,1  1  / 0  6  / 2  0  14,Mic ros of t and Nok ia Inc .,Sunnyvale,13,Layof f  Perm anent
10/30/14,1  2  / 2  8  / 2  0  14,1  1  / 0  6  / 2  0  14,G hirardelli Choc olate Manuf ac tory,San Franc is c o,84,Clos ure T em porary
10/29/14,1  2  / 3  1  / 2  0  14,1  1  / 1  2  / 2  0  14,"MV T rans portation, Inc .",Redwood City,123,Layof f  Perm anent
10/31/14,0  1  / 0  2  / 2  0  15,1  1  / 1  2  / 2  0  14,"Ac tavis , Inc .",Corona,200,Layof f  Perm anent
10/31/14,0  1  / 0  5  / 2  0  15,1  1  / 1  2  / 2  0  14,Cham inade Res ort & Spa,Santa Cruz,180,Layof f  T em porary
11/4/14,0  1  / 0  5  / 2  0  15,1  1  / 1  2  / 2  0  14,Laureate Educ ation Inc,Los  Angeles,105,Layof f  Perm anent
11/12/14,1  2  / 2  2  / 2  0  14,1  1  / 1  2  / 2  0  14,Aim bridge Em ployee Servic e Corp,El Segundo,13,Clos ure T em porary
10/30/14,1  2  / 3  1  / 2  0  14,1  1  / 1  4  / 2  0  14,As s oc iated T hird Party Adm inis trators,El Monte,85,Clos ure Perm anent
10/31/14,0  1  / 0  1  / 2  0  15,1  1  / 1  4  / 2  0  14,Boeing Co,Huntington Beac h,64,Layof f  Unk nown at this  tim e
11/5/14,0  1  / 0  5  / 2  0  15,1  1  / 1  4  / 2  0  14,"Sim m ons  Manuf ac turing Com pany,",Com pton,94,Clos ure Perm anent
11/6/14,1  1  / 0  5  / 2  0  14,1  1  / 1  4  / 2  0  14,Living Soc ial,T orranc e,79,Clos ure Perm anent
10/31/14,0  1  / 0  1  / 2  0  15,1  1  / 1  7  / 2  0  14,Boeing Com pany,El Segundo,64,Layof f  Unk nown at this  tim e
10/31/14,0  1  / 0  1  / 2  0  15,1  1  / 1  7  / 2  0  14,Boeing Com pany,Long Beac h,93,Layof f  Unk nown at this  tim e
10/31/14,0  1  / 0  1  / 2  0  15,1  1  / 1  7  / 2  0  14,SoCAL,San Gabriel,45,Clos ure Perm anent
11/4/14,0  1  / 1  0  / 2  0  15,1  1  / 2  0  / 2  0  14,W arner Bros  - Shed Media USA,Los  Angeles,1,Layof f  Perm anent
11/4/14,0  1  / 1  0  / 2  0  15,1  1  / 2  0  / 2  0  14,W arner Bros . Burbank  T elevis ion,Burbank,6,Layof f  Perm anent
11/4/14,0  1  / 1  0  / 2  0  15,1  1  / 2  0  / 2  0  14,W arner Bros . Cons um er Produc ts,Burbank,4,Layof f  Perm anent
11/4/14,0  1  / 1  0  / 2  0  15,1  1  / 2  0  / 2  0  14,W arner Bros . Dis tributing,Burbank,17,Layof f  Perm anent
11/4/14,0  1  / 1  0  / 2  0  15,1  1  / 2  0  / 2  0  14,W arner Bros . Dis tributing,Enc ino,4,Layof f  Perm anent
11/4/14,0  1  / 1  0  / 2  0  15,1  1  / 2  0  / 2  0  14,W arner Bros . Entertainm ent,Burbank,13,Layof f  Perm anent
11/4/14,0  1  / 1  0  / 2  0  15,1  1  / 2  0  / 2  0  14,W arner Bros . Hom e Entertainm ent,Burbank,46,Layof f  Perm anent
11/4/14,0  1  / 1  0  / 2  0  15,1  1  / 2  0  / 2  0  14,W arner Bros . International T elevis ion,Burbank,9,Layof f  Perm anent
11/4/14,0  1  / 1  0  / 2  0  15,1  1  / 2  0  / 2  0  14,W arner Bros . Pic tures,Burbank,1,Layof f  Perm anent
11/4/14,0  1  / 1  0  / 2  0  15,1  1  / 2  0  / 2  0  14,W arner Bros . Studio Fac ilities,Burbank,24,Layof f  Perm anent
11/4/14,0  1  / 1  0  / 2  0  15,1  1  / 2  0  / 2  0  14,W arner Bros . T ec hnic al Operations,Burbank,11,Layof f  Perm anent
11/4/14,0  1  / 1  0  / 2  0  15,1  1  / 2  0  / 2  0  14,W arner Bros . T elevis ion,Los  Angeles,4,Layof f  Perm anent
11/4/14,0  1  / 1  0  / 2  0  15,1  1  / 2  0  / 2  0  14,W arner Bros . T heatric al Enterpris es,Burbank,6,Layof f  Perm anent
11/4/14,0  1  / 1  0  / 2  0  15,1  1  / 2  0  / 2  0  14,W arner Bros . W orldwide T elevis ion,Burbank,5,Layof f  Perm anent
11/4/14,0  1  / 1  0  / 2  0  15,1  1  / 2  0  / 2  0  14,W BT V Dis tribution Inc,Burbank,1,Layof f  Perm anent
11/6/14,1  1  / 0  6  / 2  0  14,1  1  / 2  1  / 2  0  14,"Spac e Sys tem s /Loral, LLC (""SSL"")",Palo Alto,57,Layof f  Perm anent
11/13/14,0  1  / 0  7  / 2  0  15,1  1  / 2  1  / 2  0  14,IT T  Canon LLC,Santa Ana,5,Layof f  Perm anent
11/13/14,1  1  / 2  1  / 2  0  14,1  1  / 2  1  / 2  0  14,Hewlett-Pac k ard Com pany (HP),Palo Alto,25,Layof f  Perm anent
11/14/14,0  1  / 1  4  / 2  0  15,1  1  / 2  1  / 2  0  14,HER E North Am eric a LLC,Calabas as,15,Layof f  Perm anent
11/14/14,0  2  / 2  8  / 2  0  15,1  1  / 2  1  / 2  0  14,HER E North Am eric a LLC,Calabas as,3,Layof f  Perm anent
11/19/14,0  2  / 1  3  / 2  0  15,1  1  / 2  1  / 2  0  14,Sc ienc e Applic ation International,San Diego,63,Layof f  Perm anent
10/29/14,0  1  / 3  0  / 2  0  15,1  1  / 2  4  / 2  0  14,St. J os eph Health Queen of  the Valley,Napa,59,Layof f  Perm anent
10/31/14,1  0  / 2  7  / 2  0  14,1  1  / 2  4  / 2  0  14,"Chivas  USA (""Chivas "")",Cars on,75,Layof f  Perm anent
10/31/14,1  2  / 0  1  / 2  0  14,1  1  / 2  4  / 2  0  14,Sym antec  Corporation,Mountain View,25,Layof f  Perm anent
11/3/14,0  1  / 0  2  / 2  0  15,1  1  / 2  4  / 2  0  14,"Bridgepoint Educ ation, Inc .",San Diego,160,Layof f  Perm anent
10/23/14,1  0  / 2  4  / 2  0  14,1  2  / 0  2  / 2  0  14,Hewlett-Pac k ard Com pany,Palo Alto,80,Layof f  Perm anent
11/4/14,0  1  / 1  0  / 2  0  15,1  2  / 0  2  / 2  0  14,W CI Global Bus ines s  Servic es  Inc  -,Burbank,12,Layof f  Perm anent
11/12/14,1  1  / 1  2  / 2  0  14,1  2  / 0  2  / 2  0  14,Abbott Vas c ular,Murrieta,8,Layof f  Perm anent
11/12/14,1  1  / 1  2  / 2  0  14,1  2  / 0  2  / 2  0  14,Abbott Vas c ular,T em ec ula,9,Layof f  Perm anent
11/12/14,1  1  / 1  2  / 2  0  14,1  2  / 0  2  / 2  0  14,Abbott Vas c ular,T em ec ula,41,Layof f  Perm anent
11/12/14,1  1  / 1  2  / 2  0  14,1  2  / 0  2  / 2  0  14,Abbott Vas c ular,T em ec ula,53,Layof f  Perm anent
10/23/14,1  0  / 2  4  / 2  0  14,1  2  / 0  3  / 2  0  14,Hewlett-Pac k ard Com pany,Ros eville,54,Layof f  Perm anent
10/28/14,1  2  / 2  9  / 2  0  14,1  2  / 0  4  / 2  0  14,"Advanc ed Mic ro Devic es , Inc .",Sunnyvale,57,Layof f  Unk nown at this  tim e
11/5/14,0  1  / 0  5  / 2  0  15,1  2  / 0  9  / 2  0  14,"G eneral Mills  Operations , LLC",Lodi,410,Clos ure Perm anent
11/14/14,0  1  / 1  5  / 2  0  15,1  2  / 1  1  / 2  0  14,"T rinity Sports , Inc .",Los  Angeles,135,Clos ure Perm anent
11/21/14,0  2  / 2  7  / 2  0  15,1  2  / 1  1  / 2  0  14,Valley W as te Managem ent,W alnut Creek,66,Layof f  Perm anent
11/25/14,0  1  / 0  1  / 2  0  15,1  2  / 1  1  / 2  0  14,Sym antec  Corporation - Mountain View,Mountain View,12,Layof f  Perm anent
11/21/14,0  1  / 2  3  / 2  0  15,1  2  / 1  2  / 2  0  14,Boeing Com pany,El Segundo,57,Layof f  Unk nown at this  tim e
11/21/14,0  1  / 2  3  / 2  0  15,1  2  / 1  2  / 2  0  14,Boeing Com pany,Huntington Beac h,29,Layof f  Unk nown at this  tim e
11/21/14,0  1  / 2  3  / 2  0  15,1  2  / 1  2  / 2  0  14,Boeing Com pany,Long Beac h,95,Layof f  Unk nown at this  tim e
12/5/14,0  2  / 0  6  / 2  0  15,1  2  / 1  2  / 2  0  14,Boeing Com pany,Long Beac h,21,Layof f  Unk nown at this  tim e
11/11/14,0  1  / 0  9  / 2  0  15,1  2  / 1  6  / 2  0  14,PRO VIDENC E HEALT H AND,T orranc e,59,Clos ure Unk nown at this  tim e
11/25/14,0  2  / 1  0  / 2  0  15,1  2  / 1  6  / 2  0  14,ARAMARK SPOR T S AND,Monterey,119,Clos ure Perm anent
12/4/14,0  2  / 0  3  / 2  0  15,1  2  / 1  6  / 2  0  14,CALIFOR NIA REDW O O D CO MPANY,Korbel,106,Clos ure Perm anent
11/4/14,1  2  / 0  5  / 2  0  14,1  2  / 1  7  / 2  0  14,Capitol Expres s way Ford,San J os e,102,Layof f  Perm anent
11/19/14,1  2  / 1  0  / 2  0  14,1  2  / 1  7  / 2  0  14,W is h I Ah Health & W ellnes s  Center,Auberry,95,Clos ure Perm anent
11/21/14,1  2  / 3  1  / 2  0  14,1  2  / 1  7  / 2  0  14,"Keas ter Produc ts , Inc .",Van Nuys,2,Clos ure Unk nown at this  tim e
12/2/14,1  2  / 0  5  / 2  0  14,1  2  / 1  7  / 2  0  14,NAR US,Sunnyvale,35,Clos ure Perm anent
12/4/14,0  2  / 0  1  / 2  0  15,1  2  / 1  7  / 2  0  14,MILLS-PENINSU LA HEALT H,Burlingam e,67,Layof f  Perm anent
12/5/14,0  2  / 0  8  / 2  0  15,1  2  / 1  7  / 2  0  14,"INT ELLISOU RC E, LLC",O ntario,312,Clos ure Unk nown at this  tim e
12/5/14,0  2  / 2  3  / 2  0  15,1  2  / 1  7  / 2  0  14,LA SAND IA SMP LLC/RICH ARD,Santa Monic a,72,Clos ure Perm anent
12/5/14,0  2  / 2  3  / 2  0  15,1  2  / 1  7  / 2  0  14,ZENG O  SMP LLC/RICH ARD,Santa Monic a,72,Clos ure Perm anent
12/5/14,1  2  / 0  3  / 2  0  14,1  2  / 1  7  / 2  0  14,FREEDO M CO MMUN ICAT ION S INC .,Santa Ana,88,Layof f  Perm anent
12/9/14,0  2  / 0  1  / 2  0  15,1  2  / 1  7  / 2  0  14,G ENESIS HEALT HC ARE,Foothill Ranc h,71,Layof f  Perm anent
12/9/14,0  2  / 0  7  / 2  0  15,1  2  / 1  7  / 2  0  14,"BO W HEAD  SUPPOR T  GR O UP, LLC",Herlong,119,Clos ure Perm anent
11/14/14,0  1  / 1  4  / 2  0  15,1  2  / 1  8  / 2  0  14,HER E North Am eric an LLC,Sunnyvale,82,Layof f  Perm anent
12/8/14,0  3  / 1  2  / 2  0  15,1  2  / 1  8  / 2  0  14,"T O PPAN PHO T O MASKS, INC .",Santa Clara,75,Clos ure Perm anent
12/8/14,1  2  / 1  2  / 2  0  14,1  2  / 1  8  / 2  0  14,"SPG SO LAR, INC .",Petalum a,10,Clos ure Unk nown at this  tim e
12/10/14,0  4  / 3  0  / 2  0  15,1  2  / 1  8  / 2  0  14,G RAN ICUS INC,San Franc is c o,47,Clos ure Perm anent
12/12/14,0  2  / 1  2  / 2  0  15,1  2  / 1  8  / 2  0  14,SEAW O RLD LLC,San Diego,108,Layof f  Perm anent
11/24/14,0  1  / 3  0  / 2  0  15,1  2  / 1  9  / 2  0  14,"HC C INVEST O RS, LLC",Ranc ho Santa Fe,156,Clos ure Perm anent
12/5/14,0  2  / 0  5  / 2  0  15,1  2  / 1  9  / 2  0  14,IT T  CANN O N LLC,Santa Ana,7,Layof f  Perm anent
12/10/14,0  2  / 1  1  / 2  0  15,1  2  / 1  9  / 2  0  14,Q UALCO MM INC .,San J os e,1,Layof f  Unk nown at this  tim e
12/10/14,0  2  / 1  1  / 2  0  15,1  2  / 1  9  / 2  0  14,Q UALCO MM INC .,San J os e,45,Layof f  Unk nown at this  tim e
12/10/14,0  2  / 1  1  / 2  0  15,1  2  / 1  9  / 2  0  14,Q UALCO MM INC .,San J os e,59,Layof f  Unk nown at this  tim e
12/10/14,0  2  / 1  1  / 2  0  15,1  2  / 1  9  / 2  0  14,Q UALCO MM INC .,Santa Clara,2,Layof f  Unk nown at this  tim e
12/10/14,0  2  / 1  1  / 2  0  15,1  2  / 1  9  / 2  0  14,Q UALCO MM INC .,Santa Clara,4,Layof f  Unk nown at this  tim e
12/10/14,0  2  / 1  1  / 2  0  15,1  2  / 1  9  / 2  0  14,Q ualc om m  Inc orporated,San Diego,178,Layof f  Unk nown at this  tim e
12/10/14,0  2  / 1  5  / 2  0  15,1  2  / 1  9  / 2  0  14,"INT ERMUN E, INC",Bris bane,170,Layof f  Perm anent
12/12/14,0  1  / 1  5  / 2  0  15,1  2  / 1  9  / 2  0  14,EXIDE T ECH NO LO G IES,Los  Angeles,64,Layof f  T em porary
12/12/14,0  2  / 2  2  / 2  0  15,1  2  / 1  9  / 2  0  14,EL CENT RO  REG ION AL MEDICAL,El Centro,68,Layof f  Perm anent
12/9/14,0  2  / 1  6  / 2  0  15,1  2  / 2  2  / 2  0  14,HAC IENDA HO T EL,El Segundo,93,Clos ure T em porary
12/10/14,0  2  / 0  8  / 2  0  15,1  2  / 2  2  / 2  0  14,BANK OF AMERICA,Los  Angeles,3,Layof f  Perm anent
12/15/14,0  2  / 1  2  / 2  0  15,1  2  / 2  2  / 2  0  14,MFS INC. SERVICES,Cerritos,24,Layof f  Perm anent
12/15/14,0  2  / 1  2  / 2  0  15,1  2  / 2  2  / 2  0  14,MFS INC. SERVICES,Downey,26,Layof f  Perm anent
12/15/14,0  2  / 1  2  / 2  0  15,1  2  / 2  2  / 2  0  14,MFS INC. SERVICES,Lak ewood,25,Layof f  Perm anent
12/15/14,0  2  / 1  2  / 2  0  15,1  2  / 2  2  / 2  0  14,MFS INC. SERVICES,Los  Angeles,24,Layof f  Perm anent
12/15/14,0  2  / 1  2  / 2  0  15,1  2  / 2  2  / 2  0  14,MFS INC. SERVICES,San Bernardino,14,Layof f  Perm anent
12/15/14,0  2  / 1  2  / 2  0  15,1  2  / 2  2  / 2  0  14,MFS INC. SERVICES,Santa Monic a,44,Layof f  Perm anent
12/15/14,0  2  / 1  2  / 2  0  15,1  2  / 2  2  / 2  0  14,MFS INC. SERVICES,T hous and Oaks,32,Layof f  Perm anent
12/15/14,0  2  / 1  2  / 2  0  15,1  2  / 2  2  / 2  0  14,MFS INC. SERVICES,Ventura,26,Layof f  Perm anent
12/15/14,0  2  / 1  2  / 2  0  15,1  2  / 2  2  / 2  0  14,MFS INC. SERVICES,Vic torville,19,Layof f  Perm anent
12/15/14,0  2  / 1  5  / 2  0  15,1  2  / 2  2  / 2  0  14,MFS INC. SERVICES,Santa Barbara,8,Layof f  Perm anent
12/15/14,1  2  / 3  1  / 2  0  14,1  2  / 2  2  / 2  0  14,ARAMARK,W heatland,152,Clos ure Perm anent
12/18/14,1  2  / 1  5  / 2  0  14,1  2  / 2  2  / 2  0  14,ENSIGN  UNIT ED ST AT ES DRILLING,Bak ers f ield,700,Layof f  Unk nown at this  tim e
12/19/14,0  2  / 1  7  / 2  0  15,1  2  / 2  2  / 2  0  14,NO RC O  DELIVERY SERVICES,Anaheim,93,Layof f  Perm anent
12/15/14,1  2  / 3  1  / 2  0  14,1  2  / 2  3  / 2  0  14,ARAMARK,Chula Vis ta,110,Clos ure Perm anent
12/15/14,1  2  / 3  1  / 2  0  14,1  2  / 2  3  / 2  0  14,ARAMARK,Irvine,56,Clos ure Perm anent
12/15/14,1  2  / 3  1  / 2  0  14,1  2  / 2  3  / 2  0  14,ARAMARK,Mountain View,175,Clos ure Perm anent
12/15/14,1  2  / 3  1  / 2  0  14,1  2  / 2  3  / 2  0  14,ARAMARK,San Bernardino,77,Clos ure Perm anent
12/16/14,0  2  / 2  0  / 2  0  15,1  2  / 2  4  / 2  0  14,HO RMEL FO O DS CO RPO RAT ION,Stoc k ton,113,Layof f  Perm anent
12/15/14,0  2  / 1  3  / 2  0  15,1  2  / 2  6  / 2  0  14,Saf eway Inc . Corporate Headquarters,Pleas anton,26,Layof f  Unk nown at this  tim e
12/22/14,0  2  / 2  7  / 2  0  15,1  2  / 2  6  / 2  0  14,O f f ic eMax Inc orporated,Menlo Park,71,Clos ure Perm anent
12/19/14,0  2  / 2  0  / 2  0  15,1  2  / 2  9  / 2  0  14,Boeing Com pany,El Segundo,33,Layof f  Unk nown at this  tim e
12/19/14,0  2  / 2  0  / 2  0  15,1  2  / 2  9  / 2  0  14,Boeing Com pany,Huntington Beac h,20,Layof f  Unk nown at this  tim e
12/19/14,0  2  / 2  0  / 2  0  15,1  2  / 2  9  / 2  0  14,Boeing Com pany,Long Beac h,119,Layof f  Unk nown at this  tim e
12/29/14,0  2  / 2  8  / 2  0  15,1  2  / 3  1  / 2  0  14,"L-3 Engineering & T ec hnic al Servic es ,",Vandenberg,91,Clos ure Perm anent
1/5/15,0  3  / 0  6  / 2  0  15,0  1  / 0  5  / 2  0  15,RadioShac k  Corporation,W oodland,57,Clos ure Perm anent
12/31/14,0  1  / 3  1  / 2  0  15,0  1  / 0  5  / 2  0  15,Exelis  Inc .,Vandenberg,125,Layof f  Perm anent
12/23/14,0  1  / 0  6  / 2  0  15,0  1  / 0  6  / 2  0  15,Bae Sys tem s,San Franc is c o,192,Layof f  T em porary
12/30/14,0  2  / 2  8  / 2  0  15,0  1  / 0  7  / 2  0  15,Hom eStreet Bank,Covina,66,Clos ure Perm anent
1/3/15,0  3  / 0  6  / 2  0  15,0  1  / 0  8  / 2  0  15,Boeing Com pany,Long Beac h,23,Layof f  Unk nown at this  tim e
1/7/15,0  3  / 1  0  / 2  0  15,0  1  / 0  8  / 2  0  15,"Bric e Manuf ac turing Com pany, Inc",Pac oim a,61,Layof f  Perm anent
1/5/15,0  3  / 0  5  / 2  0  15,0  1  / 0  9  / 2  0  15,IT T  Cannon LLC,Santa Ana,12,Layof f  Perm anent
1/7/15,0  4  / 0  3  / 2  0  15,0  1  / 0  9  / 2  0  15,ASCO  Power T ec hnologies,Stoc k ton,104,Clos ure Perm anent
1/8/15,0  3  / 0  8  / 2  0  15,0  1  / 0  9  / 2  0  15,G enc o,W oodland,50,Clos ure Perm anent
1/8/15,0  3  / 1  6  / 2  0  15,0  1  / 0  9  / 2  0  15,Mac y' s  Furniture Gallery,W oodland Hills,19,Clos ure Unk nown at this  tim e
1/8/15,0  3  / 2  1  / 2  0  15,0  1  / 0  9  / 2  0  15,Mac y' s  Vallc o Shopping Mall,Cupertino,107,Clos ure Unk nown at this  tim e
1/8/15,0  3  / 1  6  / 2  0  15,0  1  / 1  2  / 2  0  15,Mac y' s  W es tf ield Prom enade Store,W oodland Hills,109,Clos ure Perm anent
1/6/15,0  3  / 0  9  / 2  0  15,0  1  / 1  3  / 2  0  15,Southern Calif ornia Edis on Com pany,San Clem ente,45,Clos ure Perm anent
1/9/15,0  3  / 0  9  / 2  0  15,0  1  / 1  3  / 2  0  15,"Sodexo, Inc",Duarte,160,Clos ure Perm anent
1/12/15,0  3  / 1  3  / 2  0  15,0  1  / 1  3  / 2  0  15,Kixeye Inc .,San Franc is c o,70,Layof f  Perm anent
12/31/14,0  2  / 0  1  / 2  0  15,0  1  / 1  3  / 2  0  15,Sym antec  Corporation,Mountain View,4,Layof f  Perm anent
1/8/15,0  3  / 0  9  / 2  0  15,0  1  / 1  4  / 2  0  15,"Rabobank , N.A.",Im perial,79,Clos ure Unk nown at this  tim e
1/14/15,0  1  / 1  4  / 2  0  14,0  1  / 1  5  / 2  0  15,"T ibc o Sof tware, Inc",Palo Alto,80,Layof f  Perm anent
1/13/15,0  3  / 1  6  / 2  0  15,0  1  / 1  6  / 2  0  15,Broadc om  Corporation,Santa Clara,60,Layof f  Perm anent
1/15/15,0  3  / 1  5  / 2  0  15,0  1  / 1  6  / 2  0  15,Leidos,El Segundo,80,Layof f  Perm anent
1/15/15,0  3  / 1  6  / 2  0  15,0  1  / 1  6  / 2  0  15,"CO M DEV USA, LLC",El Segundo,53,Layof f  Unk nown at this  tim e
1/15/15,0  3  / 1  8  / 2  0  15,0  1  / 1  6  / 2  0  15,Vons  Com panies  Inc .,Arc adia,168,Clos ure Perm anent
1/15/15,0  5  / 1  5  / 2  0  15,0  1  / 1  6  / 2  0  15,"Raybern Foods , LLC",Hayward,116,Clos ure Perm anent
1/15/15,0  5  / 1  5  / 2  0  15,0  1  / 1  6  / 2  0  15,"Raybern Foods , LLC",O ak land,42,Clos ure Perm anent
1/16/15,0  4  / 3  0  / 2  0  15,0  1  / 1  6  / 2  0  15,"O SI Elec tronic s , Inc",Cam arillo,118,Clos ure Perm anent
1/13/15,0  3  / 1  5  / 2  0  15,0  1  / 2  0  / 2  0  15,Ralphs  Groc ery Com apny,Los  Angeles,70,Clos ure Unk nown at this  tim e
1/16/15,0  2  / 2  6  / 2  0  15,0  1  / 2  0  / 2  0  15,Alberts on' s  LLC,Marina Del Rey,80,Clos ure Perm anent
1/16/15,0  2  / 2  6  / 2  0  15,0  1  / 2  0  / 2  0  15,"Alberts on' s , LLC",San Diego,63,Clos ure Perm anent
1/15/15,0  5  / 2  9  / 2  0  15,0  1  / 2  1  / 2  0  15,"W alt Dis ney Park s  and Res orts  U.S.,",Fullerton,85,Layof f  Perm anent
1/20/15,0  3  / 2  3  / 2  0  15,0  1  / 2  1  / 2  0  15,"G 2 Sec ure Staf f , LLC",Moreno Valley,39,Layof f  Perm anent
1/15/14,0  3  / 1  6  / 2  0  15,0  1  / 2  3  / 2  0  15,"Vis ta Ford, Inc",Canoga Park,11,Clos ure Perm anent
1/16/15,0  3  / 2  0  / 2  0  15,0  1  / 2  3  / 2  0  15,Boeing Com pany,El Segundo,15,Layof f  Unk nown at this  tim e
1/16/15,0  3  / 2  0  / 2  0  15,0  1  / 2  3  / 2  0  15,Boeing Com pany,Huntington Beac h,9,Layof f  Unk nown at this  tim e
1/16/15,0  3  / 2  0  / 2  0  15,0  1  / 2  3  / 2  0  15,Boeing Com pany,Long Beac h,36,Layof f  Unk nown at this  tim e
1/21/15,0  3  / 1  6  / 2  0  15,0  1  / 2  3  / 2  0  15,J ohns  Manville,W illows,40,Layof f  T em porary
1/16/15,0  3  / 1  6  / 2  0  15,0  1  / 2  6  / 2  0  15,IT T  Cannon LLC,Santa Ana,10,Layof f  Perm anent
1/20/15,1  0  / 3  1  / 2  0  15,0  1  / 2  6  / 2  0  15,"Zodiac  Pool Sys tem s , Inc",Vis ta,97,Clos ure Perm anent
1/20/15,1  2  / 1  5  / 2  0  15,0  1  / 2  6  / 2  0  15,Chevron,San Ram on,100,Layof f  Perm anent
1/21/15,0  3  / 3  1  / 2  0  15,0  1  / 2  6  / 2  0  15,"InDyne, Inc .",Vandenberg AFB,541,Layof f  Perm anent
1/22/15,0  3  / 2  3  / 2  0  15,0  1  / 2  6  / 2  0  15,"G 2 Sec ure Staf f , LLC",Azus a,106,Layof f  Perm anent
1/22/15,0  3  / 2  4  / 2  0  15,0  1  / 2  6  / 2  0  15,"VMware, Inc",Palo Alto,114,Layof f  Perm anent
1/23/15,0  3  / 2  8  / 2  0  15,0  1  / 2  6  / 2  0  15,"G ap, Inc",San Franc is c o,108,Layof f  Perm anent
1/23/15,0  3  / 2  4  / 2  0  15,0  1  / 2  7  / 2  0  15,"T abula, Inc .",Santa Clara,120,Clos ure Perm anent
1/26/15,0  1  / 2  6  / 2  0  15,0  1  / 2  7  / 2  0  15,"Sun W orld International, LLC",Coac hella,24,Layof f  Perm anent
1/26/15,0  3  / 2  7  / 2  0  15,0  1  / 2  7  / 2  0  15,"Bim bo Bak eries  USA, Inc",Fres no,92,Clos ure Perm anent
1/26/15,0  3  / 2  7  / 2  0  15,0  1  / 2  7  / 2  0  15,"Bim bo Bak eries  USA, Inc .",Fres no,92,Layof f  Perm anent
1/27/15,0  2  / 2  7  / 2  0  15,0  1  / 2  7  / 2  0  15,Exide T ec hnologies,Los  Angeles,67,Layof f  T em porary
1/28/15,0  3  / 3  0  / 2  0  15,0  1  / 2  8  / 2  0  15,International Bus ines s  Mac hines,San J os e,68,Layof f  Perm anent
1/15/15,0  3  / 3  1  / 2  0  15,0  1  / 2  9  / 2  0  15,UT I,Anaheim,32,Clos ure Perm anent
1/26/15,0  3  / 2  6  / 2  0  15,0  1  / 2  9  / 2  0  15,Sim s  Rec yc ling Solutions,Ranc ho,57,Layof f  Perm anent
1/28/15,0  3  / 2  9  / 2  0  15,0  1  / 3  0  / 2  0  15,Bank  of  Am eric a,W es t Hills,113,Layof f  Perm anent
1/29/15,0  3  / 3  1  / 2  0  15,0  1  / 3  0  / 2  0  15,"Saf eway, Inc . Corporate Headquarters",Pleas anton,18,Layof f  Unk nown at this  tim e
1/27/15,0  1  / 2  4  / 2  0  15,0  2  / 0  2  / 2  0  15,Ryder Integrated Logis tic s,Inglewood,73,Clos ure Perm anent
1/27/15,0  5  / 0  3  / 2  0  15,0  2  / 0  2  / 2  0  15,Sears  Holdings  Corporation,Canoga Park,122,Clos ure Perm anent
1/28/15,0  4  / 0  2  / 2  0  15,0  2  / 0  2  / 2  0  15,"Ac tavis , Inc",Corona,40,Layof f  Perm anent
1/30/15,0  3  / 3  0  / 2  0  15,0  2  / 0  2  / 2  0  15,J PMorgan Chas e & Co.,Pleas anton,63,Layof f  Perm anent
1/30/15,0  3  / 3  1  / 2  0  15,0  2  / 0  2  / 2  0  15,Fallbrook  Hos pital Sk illed Nurs ing,Fallbrook,96,Clos ure Perm anent
2/2/15,0  4  / 0  3  / 2  0  15,0  2  / 0  2  / 2  0  15,"G 2 Sec ure Staf f , LLC",O range,54,Layof f  Perm anent
1/28/15,0  3  / 3  1  / 2  0  15,0  2  / 0  3  / 2  0  15,"Fluor Enterpris es , Inc .",Alis o Viej o,6,Layof f  Perm anent
1/28/15,1  2  / 1  5  / 2  0  15,0  2  / 0  3  / 2  0  15,Ac c es s  Bus ines s  Group LLC,Lak eview,72,Clos ure Perm anent
1/30/15,0  4  / 0  3  / 2  0  15,0  2  / 0  3  / 2  0  15,Boeing Com pany,El Segundo,36,Layof f  Unk nown at this  tim e
1/30/15,0  4  / 0  3  / 2  0  15,0  2  / 0  3  / 2  0  15,Boeing Com pany,Huntington Beac h,25,Layof f  Unk nown at this  tim e
1/30/15,0  4  / 0  3  / 2  0  15,0  2  / 0  3  / 2  0  15,Boeing Com pany,Long Beac h,66,Layof f  Unk nown at this  tim e
1/30/15,0  2  / 0  2  / 2  0  15,0  2  / 0  4  / 2  0  15,Bak er Hughes  Oilf ield Operations  Inc .,Shaf ter,130,Layof f  Perm anent
1/30/15,0  5  / 3  1  / 2  0  15,0  2  / 0  5  / 2  0  15,Northrop Grum m an T ec hnic al,Fort Irwin,443,Layof f  Perm anent
2/2/15,0  3  / 1  8  / 2  0  15,0  2  / 0  5  / 2  0  15,Loc k heed Martin Corporation,Palm dale,74,Layof f  Perm anent
2/2/15,0  4  / 0  3  / 2  0  15,0  2  / 0  5  / 2  0  15,Sony Pic tures  Entertainm ent,Culver City,69,Clos ure Perm anent
2/2/15,0  3  / 0  1  / 2  0  15,0  2  / 0  9  / 2  0  15,Sym antec  Corporation,Mountain View,85,Layof f  Perm anent
2/4/15,0  4  / 0  3  / 2  0  15,0  2  / 0  9  / 2  0  15,"Citrix Sys tem s , Inc",Santa Clara,99,Layof f  Perm anent
2/3/15,0  4  / 0  4  / 2  0  15,0  2  / 1  0  / 2  0  15,"International Cof f ee & T ea, LLC",Santa Monic a,69,Clos ure Perm anent
2/4/15,0  4  / 0  8  / 2  0  15,0  2  / 1  0  / 2  0  15,Menzies  Aviation LAX,Los  Angeles,134,Layof f  Perm anent
2/5/15,0  2  / 1  3  / 2  0  15,0  2  / 1  0  / 2  0  15,Hewlett-Pac k ard Com pany,Palo Alto,52,Layof f  Perm anent
2/9/15,0  4  / 1  0  / 2  0  15,0  2  / 1  0  / 2  0  15,United T ec hnologies  Corporation,San Diego,4,Layof f  Perm anent
2/4/15,0  5  / 0  5  / 2  0  15,0  2  / 1  2  / 2  0  15,Pf izer Inc .,Foothill Ranc h,70,Clos ure Unk nown at this  tim e
2/10/15,0  4  / 1  3  / 2  0  15,0  2  / 1  2  / 2  0  15,"VPM Maintenanc e Managem ent, LLC",San Franc is c o,35,Layof f  Perm anent
1/29/15,0  3  / 2  9  / 2  0  15,0  2  / 1  3  / 2  0  15,Sutter Ros eville Medic al Center,Ros eville,1,Layof f  Perm anent
2/5/15,0  4  / 3  0  / 2  0  15,0  2  / 1  3  / 2  0  15,Staples,La Mirada,59,Layof f  Perm anent
2/5/15,0  5  / 0  1  / 2  0  15,0  2  / 1  3  / 2  0  15,Farm er Brothers,T orranc e,271,Clos ure Perm anent
2/6/15,0  4  / 1  0  / 2  0  15,0  2  / 1  3  / 2  0  15,Boeing Com pany,El Segundo,9,Layof f  T em porary
2/9/15,0  4  / 1  0  / 2  0  15,0  2  / 1  3  / 2  0  15,Staples,Los  Angeles,97,Layof f  Perm anent
2/12/15,0  2  / 2  8  / 2  0  15,0  2  / 1  3  / 2  0  15,Firem an' s  Fund Ins uranc e Com pany,Novato,23,Layof f  Perm anent
2/13/15,0  4  / 1  5  / 2  0  15,0  2  / 1  3  / 2  0  15,G reen Diam ond Res ourc e Com pany,Korbel,12,Clos ure Perm anent
2/3/15,0  2  / 2  8  / 2  0  15,0  2  / 1  7  / 2  0  15,Anthem,Diam ond Bar,3,Clos ure Perm anent
2/9/15,0  4  / 1  3  / 2  0  15,0  2  / 1  7  / 2  0  15,AT &T,San Ram on,74,Layof f  Perm anent
2/13/15,0  4  / 1  5  / 2  0  15,0  2  / 1  7  / 2  0  15,PennySaver USA Printing LLC,Vis ta,131,Clos ure Perm anent
2/13/15,0  4  / 1  9  / 2  0  15,0  2  / 1  7  / 2  0  15,Marriott International Inc .,T ruc k ee,259,Clos ure T em porary
2/13/15,0  4  / 3  0  / 2  0  15,0  2  / 1  7  / 2  0  15,Courtes y Motors,Chic o,91,Clos ure Perm anent
2/9/15,0  4  / 0  9  / 2  0  15,0  2  / 1  8  / 2  0  15,El Centro Regional Medic al Center,El Centro,20,Layof f  Perm anent
2/10/15,0  4  / 1  0  / 2  0  15,0  2  / 1  8  / 2  0  15,Staples,La Mirada,99,Layof f  Perm anent
2/16/15,0  2  / 1  6  / 2  0  15,0  2  / 1  8  / 2  0  15,Halliburton Energy Servic es  Inc .,Bak ers f ield,52,Layof f  Perm anent
2/17/15,0  3  / 2  7  / 2  0  15,0  2  / 1  8  / 2  0  15,Mandarin Oriental San Franc is c o Inc .,San Franc is c o,193,Layof f  Perm anent
2/10/15,0  4  / 1  0  / 2  0  15,0  2  / 1  9  / 2  0  15,Nabors  Com pletion & Produc tion,Com pton,136,Layof f  Unk nown at this  tim e
2/13/15,0  4  / 1  4  / 2  0  15,0  2  / 1  9  / 2  0  15,W allenius  W ilhelm s en Logis tic s,W ilm ington,104,Layof f  Unk nown at this  tim e
2/11/15,0  4  / 1  3  / 2  0  15,0  2  / 2  0  / 2  0  15,Daybreak  Gam e Com pany,San Diego,140,Layof f  Perm anent
2/13/15,0  4  / 1  4  / 2  0  15,0  2  / 2  3  / 2  0  15,Doc tors  Medic al Center,San Pablo,709,Layof f  Perm anent
2/13/15,0  4  / 2  4  / 2  0  15,0  2  / 2  3  / 2  0  15,Marriott,San Franc is c o,24,Layof f  Perm anent
2/16/15,0  4  / 0  3  / 2  0  15,0  2  / 2  3  / 2  0  15,Dream W ork s  Anim ation,G lendale,13,Layof f  Perm anent
2/16/15,0  4  / 0  3  / 2  0  15,0  2  / 2  3  / 2  0  15,Dream W ork s  Anim ation,G lendale,101,Layof f  Perm anent
2/16/15,0  4  / 0  3  / 2  0  15,0  2  / 2  3  / 2  0  15,Dream W ork s  Anim ation,Redwood City,403,Clos ure Unk nown at this  tim e
2/16/15,0  8  / 1  4  / 2  0  15,0  2  / 2  3  / 2  0  15,Centrex,Modes to,163,Clos ure Perm anent
2/21/15,0  4  / 2  5  / 2  0  15,0  2  / 2  3  / 2  0  15,Saf eway Inc .,W es t Sac ram ento,213,Clos ure Unk nown at this  tim e
2/3/15,0  3  / 0  4  / 2  0  15,0  2  / 2  4  / 2  0  15,DynCorp International LLC,El Centro,12,Clos ure Perm anent
2/3/15,0  3  / 0  4  / 2  0  15,0  2  / 2  4  / 2  0  15,DynCorp International LLC,San Diego,81,Clos ure Perm anent
2/17/15,0  4  / 2  0  / 2  0  15,0  2  / 2  4  / 2  0  15,T rulia Inc,San Franc is c o,140,Layof f  Perm anent
2/20/15,0  4  / 2  4  / 2  0  15,0  2  / 2  5  / 2  0  15,Boeing Com pany,Huntington Beac h,59,Layof f  Unk nown at this  tim e
2/23/15,0  4  / 2  4  / 2  0  15,0  2  / 2  5  / 2  0  15,Saf eway Inc .,Dublin,3,Layof f  Unk nown at this  tim e
2/23/15,0  4  / 2  4  / 2  0  15,0  2  / 2  5  / 2  0  15,Saf eway Inc .,Pleas anton,129,Layof f  Unk nown at this  tim e
2/20/15,0  4  / 2  4  / 2  0  15,0  2  / 2  6  / 2  0  15,Boeing Com pany,Long Beac h,71,Layof f  Unk nown at this  tim e
2/17/15,0  5  / 1  5  / 2  0  15,0  2  / 2  7  / 2  0  15,DialAm eric a,San Diego,227,Clos ure Perm anent
2/20/15,0  4  / 2  4  / 2  0  15,0  2  / 2  7  / 2  0  15,Boeing Com pany,El Segundo,35,Layof f  Unk nown at this  tim e
2/24/15,0  4  / 2  4  / 2  0  15,0  2  / 2  7  / 2  0  15,"Bienvenidos  Children Center, Inc .",Los  Angeles,15,Layof f  Unk nown at this  tim e
2/24/15,0  4  / 3  0  / 2  0  15,0  2  / 2  7  / 2  0  15,Panas onic  Dis c  Manuf ac turing,T orranc e,87,Clos ure Perm anent
2/25/15,0  5  / 0  1  / 2  0  15,0  2  / 2  7  / 2  0  15,"Midland Credit Managem ent, Inc .",San Diego,40,Layof f  Perm anent
2/23/15,0  4  / 2  6  / 2  0  15,0  3  / 0  2  / 2  0  15,USS-PO SCO  Indus tries,Pitts burg,666,Clos ure T em porary
2/25/15,0  4  / 2  6  / 2  0  15,0  3  / 0  2  / 2  0  15,"Better Bak ery, LLC",Valenc ia,45,Layof f  Perm anent
2/23/15,0  4  / 2  4  / 2  0  15,0  3  / 0  3  / 2  0  15,"RealPage, Inc .",San Franc is c o,89,Clos ure Perm anent
2/26/15,0  2  / 2  6  / 2  0  15,0  3  / 0  3  / 2  0  15,Bak er Hughes  Oilf ield Operations  Inc .,Shaf ter,50,Layof f  Perm anent
2/27/15,0  4  / 2  9  / 2  0  15,0  3  / 0  3  / 2  0  15,"V&L Produc e, Inc .",Vernon,87,Layof f  Perm anent
2/26/15,0  5  / 0  1  / 2  0  15,0  3  / 0  4  / 2  0  15,Ac tive Network,San Diego,53,Layof f  Perm anent
3/2/15,0  5  / 0  1  / 2  0  15,0  3  / 0  4  / 2  0  15,Sc arbrough Managem ent Corporation,Clovis,19,Layof f  Perm anent
3/2/15,0  5  / 0  1  / 2  0  15,0  3  / 0  4  / 2  0  15,Sc arbrough Managem ent Corporation,Clovis,23,Layof f  Perm anent
3/2/15,0  5  / 0  1  / 2  0  15,0  3  / 0  4  / 2  0  15,Sc arbrough Managem ent Corporation,Coalinga,22,Layof f  Perm anent
3/2/15,0  5  / 0  1  / 2  0  15,0  3  / 0  4  / 2  0  15,Sc arbrough Managem ent Corporation,Fres no,22,Layof f  Perm anent
3/2/15,0  5  / 0  1  / 2  0  15,0  3  / 0  4  / 2  0  15,Sc arbrough Managem ent Corporation,Fres no,24,Layof f  Perm anent
3/2/15,0  5  / 0  1  / 2  0  15,0  3  / 0  4  / 2  0  15,Sc arbrough Managem ent Corporation,Fres no,27,Layof f  Perm anent
3/2/15,0  5  / 0  1  / 2  0  15,0  3  / 0  4  / 2  0  15,Sc arbrough Managem ent Corporation,Fres no,28,Layof f  Perm anent
3/2/15,0  5  / 0  1  / 2  0  15,0  3  / 0  4  / 2  0  15,Sc arbrough Managem ent Corporation,Fres no,29,Layof f  Perm anent
3/2/15,0  5  / 0  1  / 2  0  15,0  3  / 0  4  / 2  0  15,Sc arbrough Managem ent Corporation,Kerm an,23,Layof f  Perm anent
3/2/15,0  5  / 0  1  / 2  0  15,0  3  / 0  4  / 2  0  15,Sc arbrough Managem ent Corporation,Selm a,22,Layof f  Perm anent
2/27/15,0  4  / 1  5  / 2  0  15,0  3  / 0  5  / 2  0  15,Sym antec  Corporation,Mountain View,7,Layof f  Perm anent
3/2/15,0  5  / 0  2  / 2  0  15,0  3  / 0  5  / 2  0  15,CP Cos ta Mes a LLC,Cos ta Mes a,85,Clos ure T em porary
3/2/15,0  5  / 0  1  / 2  0  15,0  3  / 0  6  / 2  0  15,Sc arbrough Managem ent Corporation,Arvin,20,Layof f  Perm anent
3/2/15,0  5  / 0  1  / 2  0  15,0  3  / 0  6  / 2  0  15,Sc arbrough Managem ent Corporation,Bak ers f ield,12,Layof f  Perm anent
3/2/15,0  5  / 0  1  / 2  0  15,0  3  / 0  6  / 2  0  15,Sc arbrough Managem ent Corporation,Bak ers f ield,20,Layof f  Perm anent
3/2/15,0  5  / 0  1  / 2  0  15,0  3  / 0  6  / 2  0  15,Sc arbrough Managem ent Corporation,Bak ers f ield,21,Layof f  Perm anent
3/2/15,0  5  / 0  1  / 2  0  15,0  3  / 0  6  / 2  0  15,Sc arbrough Managem ent Corporation,Delano,24,Layof f  Perm anent
3/2/15,0  5  / 0  1  / 2  0  15,0  3  / 0  6  / 2  0  15,Sc arbrough Managem ent Corporation,Es c alon,23,Layof f  Perm anent
3/2/15,0  5  / 0  1  / 2  0  15,0  3  / 0  6  / 2  0  15,Sc arbrough Managem ent Corporation,G alt,22,Layof f  Perm anent
3/2/15,0  5  / 0  1  / 2  0  15,0  3  / 0  6  / 2  0  15,Sc arbrough Managem ent Corporation,Mantec a,28,Layof f  Perm anent
3/2/15,0  5  / 0  1  / 2  0  15,0  3  / 0  6  / 2  0  15,Sc arbrough Managem ent Corporation,Modes to,23,Layof f  Perm anent
3/2/15,0  5  / 0  1  / 2  0  15,0  3  / 0  6  / 2  0  15,Sc arbrough Managem ent Corporation,Modes to,25,Layof f  Perm anent
3/2/15,0  5  / 0  1  / 2  0  15,0  3  / 0  6  / 2  0  15,Sc arbrough Managem ent Corporation,Modes to,27,Layof f  Perm anent
3/2/15,0  5  / 0  1  / 2  0  15,0  3  / 0  6  / 2  0  15,Sc arbrough Managem ent Corporation,O ak dale,31,Layof f  Perm anent
3/2/15,0  5  / 0  1  / 2  0  15,0  3  / 0  6  / 2  0  15,Sc arbrough Managem ent Corporation,Riverbank,21,Layof f  Perm anent
3/2/15,0  5  / 0  1  / 2  0  15,0  3  / 0  6  / 2  0  15,Sc arbrough Managem ent Corporation,Salida,25,Layof f  Perm anent
3/2/15,0  5  / 0  1  / 2  0  15,0  3  / 0  6  / 2  0  15,Sc arbrough Managem ent Corporation,Sonora,18,Layof f  Perm anent
3/2/15,0  5  / 0  1  / 2  0  15,0  3  / 0  6  / 2  0  15,Sc arbrough Managem ent Corporation,Stoc k ton,25,Layof f  Perm anent
3/2/15,0  5  / 0  1  / 2  0  15,0  3  / 0  6  / 2  0  15,Sc arbrough Managem ent Corporation,Stoc k ton,28,Layof f  Perm anent
3/2/15,0  5  / 0  1  / 2  0  15,0  3  / 0  6  / 2  0  15,Sc arbrough Managem ent Corporation,Stoc k ton,29,Layof f  Perm anent
3/2/15,0  5  / 0  1  / 2  0  15,0  3  / 0  6  / 2  0  15,Sc arbrough Managem ent Corporation,Stoc k ton,36,Layof f  Perm anent
3/2/15,0  5  / 0  1  / 2  0  15,0  3  / 0  6  / 2  0  15,Sc arbrough Managem ent Corporation,T af t,21,Layof f  Perm anent
3/2/15,0  5  / 0  1  / 2  0  15,0  3  / 0  6  / 2  0  15,Sc arbrough Managem ent Corporation,T ehac hapi,24,Layof f  Perm anent
3/2/15,0  5  / 0  1  / 2  0  15,0  3  / 0  6  / 2  0  15,Sc arbrough Managem ent Corporation,W as c o,17,Layof f  Perm anent
3/5/14,0  5  / 0  4  / 2  0  15,0  3  / 0  9  / 2  0  15,"T he Fres h Mark et, Inc .",Laguna Hills,65,Clos ure Perm anent
3/5/14,0  5  / 0  4  / 2  0  15,0  3  / 0  9  / 2  0  15,"T he Fres h Mark et, Inc .",Palo Alto,54,Clos ure Perm anent
3/5/14,0  5  / 0  4  / 2  0  15,0  3  / 0  9  / 2  0  15,"T he Fres h Mark et, Inc .",Santa Barbara,60,Clos ure Perm anent
3/9/15,0  5  / 0  8  / 2  0  15,0  3  / 0  9  / 2  0  15,Saf eway Inc .,Pleas anton,113,Layof f  Unk nown at this  tim e
11/13/14,0  1  / 1  4  / 2  0  15,0  3  / 0  9  / 2  0  15,Sc arbrough Managem ent Corporation,Antioc h,21,Layof f  Perm anent
11/13/14,0  1  / 1  4  / 2  0  15,0  3  / 0  9  / 2  0  15,Sc arbrough Managem ent Corporation,Antioc h,23,Layof f  Perm anent
11/13/14,0  1  / 1  4  / 2  0  15,0  3  / 0  9  / 2  0  15,Sc arbrough Managem ent Corporation,Conc ord,20,Layof f  Perm anent
11/13/14,0  1  / 1  4  / 2  0  15,0  3  / 0  9  / 2  0  15,Sc arbrough Managem ent Corporation,Conc ord,22,Layof f  Perm anent
11/13/14,0  1  / 1  4  / 2  0  15,0  3  / 0  9  / 2  0  15,Sc arbrough Managem ent Corporation,Conc ord,24,Layof f  Perm anent
11/13/14,0  1  / 1  4  / 2  0  15,0  3  / 0  9  / 2  0  15,Sc arbrough Managem ent Corporation,Conc ord,25,Layof f  Perm anent
11/13/14,0  1  / 1  4  / 2  0  15,0  3  / 0  9  / 2  0  15,Sc arbrough Managem ent Corporation,Danville,23,Layof f  Perm anent
11/13/14,0  1  / 1  4  / 2  0  15,0  3  / 0  9  / 2  0  15,Sc arbrough Managem ent Corporation,Martinez,21,Layof f  Perm anent
11/13/14,0  1  / 1  4  / 2  0  15,0  3  / 0  9  / 2  0  15,Sc arbrough Managem ent Corporation,O ak ley,28,Layof f  Perm anent
11/13/14,0  1  / 1  4  / 2  0  15,0  3  / 0  9  / 2  0  15,Sc arbrough Managem ent Corporation,Pleas ant Hill,22,Layof f  Perm anent
11/13/14,0  1  / 1  4  / 2  0  15,0  3  / 0  9  / 2  0  15,Sc arbrough Managem ent Corporation,San Ram on,15,Layof f  Perm anent
11/13/14,0  1  / 1  4  / 2  0  15,0  3  / 0  9  / 2  0  15,Sc arbrough Managem ent Corporation,W alnut Creek,23,Layof f  Perm anent
2/23/15,0  4  / 2  5  / 2  0  15,0  3  / 1  0  / 2  0  15,W arner Bros . Advanc ed Media,Burbank,25,Layof f  Perm anent
3/6/15,0  5  / 1  7  / 2  0  15,0  3  / 1  1  / 2  0  15,"United Airlines , Inc .",O ntario,57,Layof f  Perm anent
3/6/15,0  5  / 1  9  / 2  0  15,0  3  / 1  1  / 2  0  15,United Indus tries  Corporation,T erm inal Is land,136,Clos ure Perm anent
3/9/15,0  5  / 0  8  / 2  0  15,0  3  / 1  1  / 2  0  15,"Lif e Sales , LLC",Novato,8,Layof f  Perm anent
3/4/15,0  5  / 0  4  / 2  0  15,0  3  / 1  3  / 2  0  15,Elec tronic  Arts  Inc .,Em eryville,71,Layof f  Perm anent
3/5/15,0  5  / 0  9  / 2  0  15,0  3  / 1  3  / 2  0  15,Unilever Com pany,Sunnyvale,57,Clos ure Perm anent
3/6/15,0  5  / 1  7  / 2  0  15,0  3  / 1  3  / 2  0  15,"United Airlines , Inc .",Sac ram ento,60,Layof f  Perm anent
3/11/15,0  3  / 1  0  / 2  0  15,0  3  / 1  3  / 2  0  15,"eHealthIns uranc e Servic es , Inc .",G old River,72,Layof f  Perm anent
3/12/15,0  3  / 1  6  / 2  0  15,0  3  / 1  6  / 2  0  15,Exide T ec hnologies,Vernon,84,Clos ure Perm anent
3/13/15,0  4  / 1  6  / 2  0  15,0  3  / 1  7  / 2  0  15,"Servic e Am eric a Corporation, d/b/a",San Diego,831,Layof f  Unk nown at this  tim e
3/17/15,0  5  / 2  2  / 2  0  15,0  3  / 1  7  / 2  0  15,"T atung Co. of  Am eric a, Inc .",Cars on,98,Clos ure Perm anent
3/9/15,0  4  / 3  0  / 2  0  15,0  3  / 1  8  / 2  0  15,"Fairbank s  Ranc h Country Club, Inc .",Ranc ho Santa Fe,152,Layof f  Perm anent
3/12/15,0  3  / 1  2  / 2  0  15,0  3  / 1  9  / 2  0  15,"Mattel, Inc .",El Segundo,107,Layof f  Perm anent
3/17/15,0  3  / 3  1  / 2  0  15,0  3  / 1  9  / 2  0  15,Sony Elec tronic s  Inc .,San Diego,75,Layof f  Unk nown at this  tim e
3/18/15,0  3  / 1  8  / 2  0  15,0  3  / 1  9  / 2  0  15,"Halliburton Energy Servic es , Inc .",Bak ers f ield,39,Layof f  Perm anent
3/18/15,0  5  / 2  2  / 2  0  15,0  3  / 1  9  / 2  0  15,"Com pas s  Group, USA, Inc .",San Franc is c o,66,Layof f  Perm anent
3/17/15,0  5  / 2  9  / 2  0  15,0  3  / 2  3  / 2  0  15,IT T  Cannon LLC,Santa Ana,56,Layof f  Perm anent
3/23/15,0  5  / 2  2  / 2  0  15,0  3  / 2  3  / 2  0  15,Saf eway Inc .,Pleas anton,72,Layof f  Perm anent
2/27/15,0  4  / 2  6  / 2  0  15,0  3  / 2  4  / 2  0  15,Bank  of  Am eric a,Sim i Valley,114,Layof f  Perm anent
3/20/15,0  5  / 2  5  / 2  0  15,0  3  / 2  4  / 2  0  15,Boeing Com pany,El Segundo,45,Layof f  Unk nown at this  tim e
3/20/15,0  5  / 2  5  / 2  0  15,0  3  / 2  4  / 2  0  15,Boeing Com pany,Huntington Beac h,32,Layof f  Unk nown at this  tim e
3/20/15,0  5  / 2  5  / 2  0  15,0  3  / 2  4  / 2  0  15,Boeing Com pany,Long Beac h,119,Layof f  Unk nown at this  tim e
3/24/15,0  6  / 0  1  / 2  0  15,0  3  / 2  4  / 2  0  15,"T he Patina Group NewCo, LLC (Nic k",Los  Angeles,75,Clos ure T em porary
3/19/15,0  5  / 0  8  / 2  0  15,0  3  / 2  5  / 2  0  15,Kec k  Medic ine of  USC-H ealthc are,Los  Angeles,5,Layof f  T em porary
3/19/15,0  5  / 0  8  / 2  0  15,0  3  / 2  5  / 2  0  15,Kec k  Medic ine of  USC-H ealthc are,Los  Angeles,1,Layof f  T em porary
3/19/15,0  5  / 0  8  / 2  0  15,0  3  / 2  5  / 2  0  15,Kec k  Medic ine of  USC-Kec k  Hos pital,Los  Angeles,39,Layof f  T em porary
3/19/15,0  5  / 0  8  / 2  0  15,0  3  / 2  5  / 2  0  15,Kec k  Medic ine of  USC-Soto Street,Los  Angeles,24,Layof f  T em porary
3/19/15,0  5  / 0  8  / 2  0  15,0  3  / 2  5  / 2  0  15,Kec k  Medic ine of  USC-U SC Norris,Los  Angeles,3,Layof f  T em porary
3/24/15,0  5  / 2  3  / 2  0  15,0  3  / 2  5  / 2  0  15,"T ec hnic olor Creative Servic es  USA,",Burbank,167,Layof f  Unk nown at this  tim e
3/24/15,0  5  / 2  3  / 2  0  15,0  3  / 2  5  / 2  0  15,"T ec hnic olor Creative Servic es  USA,",G lendale,5,Layof f  Unk nown at this  tim e
3/19/15,0  5  / 0  8  / 2  0  15,0  3  / 2  6  / 2  0  15,Kec k  Medic ine of  USC-Pas adena,Pas adena,1,Layof f  T em porary
3/19/15,0  5  / 0  8  / 2  0  15,0  3  / 2  6  / 2  0  15,Kec k  Medic ine of  USC-U SC Verdugo,G lendale,21,Layof f  T em porary
3/26/15,0  2  / 0  4  / 2  0  15,0  3  / 2  6  / 2  0  15,"Dex Media, Inc .",Los  Alam itos,49,Clos ure Perm anent
3/26/15,0  5  / 3  1  / 2  0  15,0  3  / 2  6  / 2  0  15,"G reatwide Dis tribution Logis tic s , LLC",Pic o Rivera,156,Layof f  Perm anent
3/23/15,0  3  / 0  6  / 2  0  15,0  3  / 2  7  / 2  0  15,BAE Sys tem s,San Franc is c o,201,Layof f  T em porary
3/27/15,0  3  / 1  6  / 2  0  15,0  3  / 2  7  / 2  0  15,"Cryptic  Studios , Inc .",Los  Gatos,27,Layof f  Perm anent
3/27/15,0  3  / 1  6  / 2  0  15,0  3  / 2  7  / 2  0  15,"Perf ec t W orld Co., Ltd",Redwood City,31,Layof f  Perm anent
3/26/15,0  5  / 2  9  / 2  0  15,0  3  / 3  0  / 2  0  15,"Bric e Manuf ac turing Com pany, Inc .",Pac oim a,19,Layof f  Perm anent
3/30/15,0  5  / 2  9  / 2  0  15,0  4  / 0  1  / 2  0  15,"Lights peed, Inc . dba Sk illedUp",San Franc is c o,27,Layof f  Perm anent
3/30/15,0  5  / 3  1  / 2  0  15,0  4  / 0  1  / 2  0  15,"Sutton Plac e Managem ent, LLC",San Franc is c o,98,Clos ure Unk nown at this  tim e
3/30/15,0  6  / 1  2  / 2  0  15,0  4  / 0  1  / 2  0  15,"Apollo Educ ation Group, Inc .",San Franc is c o,4,Layof f  Perm anent
3/30/15,0  8  / 3  1  / 2  0  15,0  4  / 0  1  / 2  0  15,"Apollo Educ ation Group, Inc .",San Franc is c o,34,Layof f  Perm anent
4/1/15,0  5  / 3  1  / 2  0  15,0  4  / 0  1  / 2  0  15,Eas t Bay Perinatal Medic al As s oc iates,Berk eley,34,Layof f  Perm anent
4/1/15,0  5  / 3  0  / 2  0  15,0  4  / 0  2  / 2  0  15,W orleyPars ons  Group Inc .,Arc adia,82,Layof f  Unk nown at this  tim e
4/1/15,0  5  / 3  0  / 2  0  15,0  4  / 0  2  / 2  0  15,W orleyPars ons  Group Inc .,Monrovia,8,Layof f  Unk nown at this  tim e
3/26/15,0  5  / 3  1  / 2  0  15,0  4  / 0  3  / 2  0  15,"Sc henk er, Inc .",Hawthorne,29,Layof f  Perm anent
3/30/15,0  5  / 3  1  / 2  0  15,0  4  / 0  3  / 2  0  15,Northrop Grum m an Corporation,Fort Irwin,476,Layof f  Perm anent
3/31/15,0  5  / 1  5  / 2  0  15,0  4  / 0  3  / 2  0  15,Sym antec  Corporation,Mountain View,30,Layof f  Perm anent
4/2/15,0  6  / 0  1  / 2  0  15,0  4  / 0  3  / 2  0  15,"O nLive, Inc .",Mountain View,98,Clos ure Unk nown at this  tim e
4/3/15,0  9  / 0  1  / 2  0  15,0  4  / 0  3  / 2  0  15,"Dex Media, Inc .",Los  Alam itos,25,Clos ure Perm anent
4/2/15,0  6  / 0  4  / 2  0  15,0  4  / 0  6  / 2  0  15,"Allergan, Inc .",Irvine,577,Layof f  Perm anent
4/6/15,0  6  / 0  8  / 2  0  15,0  4  / 0  6  / 2  0  15,"J erry' s  Fam ous  Deli, Inc .",Sherm an Oaks,60,Clos ure Perm anent
4/3/15,0  6  / 0  5  / 2  0  15,0  4  / 0  7  / 2  0  15,Boeing Com pany,El Segundo,1,Layof f  Unk nown at this  tim e
4/3/15,0  6  / 0  5  / 2  0  15,0  4  / 0  7  / 2  0  15,Boeing Com pany,Long Beac h,8,Layof f  Unk nown at this  tim e
4/1/15,0  6  / 0  1  / 2  0  15,0  4  / 1  0  / 2  0  15,Rolling Hills  Country Club,Rolling Hills  Es tate,50,Layof f  T em porary
4/9/15,0  6  / 1  2  / 2  0  15,0  4  / 1  3  / 2  0  15,Deluxe 3D LLC d/b/a Stereo D,Burbank,227,Layof f  Perm anent
4/10/15,0  6  / 1  5  / 2  0  15,0  4  / 1  3  / 2  0  15,"NYC Food and Beverage, LLC",San J os e,144,Clos ure Perm anent
4/13/15,0  6  / 1  2  / 2  0  15,0  4  / 1  3  / 2  0  15,Saf eway Inc .,Pleas anton,96,Layof f  Unk nown at this  tim e
4/13/15,0  6  / 1  3  / 2  0  15,0  4  / 1  4  / 2  0  15,"MV T rans portation, Inc .",Irvine,436,Clos ure Perm anent
4/14/15,0  5  / 1  6  / 2  0  15,0  4  / 1  4  / 2  0  15,Vons  Com panies  Inc .,Bak ers f ield,56,Clos ure Perm anent
4/14/15,0  5  / 1  6  / 2  0  15,0  4  / 1  4  / 2  0  15,Vons  Com panies  Inc .,Rivers ide,61,Clos ure Perm anent
3/8/15,0  5  / 3  1  / 2  0  15,0  4  / 1  5  / 2  0  15,"Vos e T ec hnic al Sys tem s , Inc .",Fort Irwin,60,Layof f  Unk nown at this  tim e
4/13/15,0  6  / 1  9  / 2  0  15,0  4  / 1  5  / 2  0  15,"W alm art Stores , Inc .",Pic o Rivera,533,Layof f  Perm anent
4/16/15,0  6  / 1  5  / 2  0  15,0  4  / 1  6  / 2  0  15,"Advanc ed Mic ro Devic es , Inc .",Sunnyvale,85,Layof f  Unk nown at this  tim e
4/15/15,0  1  / 0  2  / 2  0  15,0  4  / 2  0  / 2  0  15,Cypres s  Sem ic onduc tor Com pany,Sunnyvale,95,Layof f  Perm anent
4/17/15,0  6  / 1  9  / 2  0  15,0  4  / 2  0  / 2  0  15,"W es tern Digital T ec hnologies , Inc .",Irvine,115,Layof f  Perm anent
4/13/15,0  6  / 1  9  / 2  0  15,0  4  / 2  1  / 2  0  15,"O rtho Organizers , Inc .",Carls bad,97,Layof f  Perm anent
4/21/15,0  4  / 2  0  / 2  0  15,0  4  / 2  1  / 2  0  15,"Halliburton Energy Servic es , Inc .",Bak ers f ield,14,Layof f  Perm anent
4/21/15,0  6  / 2  0  / 2  0  15,0  4  / 2  1  / 2  0  15,SanDis k  Corporation,Milpitas,61,Layof f  Perm anent
4/21/15,0  6  / 3  0  / 2  0  15,0  4  / 2  1  / 2  0  15,"Riverbed T ec hnology, Inc .",San Franc is c o,85,Layof f  Perm anent
4/21/15,0  6  / 3  0  / 2  0  15,0  4  / 2  1  / 2  0  15,"Riverbed T ec hnology, Inc .",Sunnyvale,75,Layof f  Perm anent
4/17/15,0  6  / 1  9  / 2  0  15,0  4  / 2  2  / 2  0  15,Boeing Com pany,El Segundo,49,Layof f  Unk nown at this  tim e
4/17/15,0  6  / 1  9  / 2  0  15,0  4  / 2  2  / 2  0  15,Boeing Com pany,Huntington Beac h,28,Layof f  Unk nown at this  tim e
4/17/15,0  6  / 1  9  / 2  0  15,0  4  / 2  2  / 2  0  15,Boeing Com pany,Long Beac h,48,Layof f  Unk nown at this  tim e
4/17/15,0  6  / 1  9  / 2  0  15,0  4  / 2  2  / 2  0  15,Staples,O ntario,41,Clos ure Perm anent
4/17/15,0  6  / 1  9  / 2  0  15,0  4  / 2  2  / 2  0  15,Staples,Poway,53,Clos ure Perm anent
4/22/15,0  6  / 2  1  / 2  0  15,0  4  / 2  2  / 2  0  15,"T ec hnic olor USA, Inc .",Burbank,106,Clos ure Unk nown at this  tim e
4/24/15,0  6  / 3  0  / 2  0  15,0  4  / 2  4  / 2  0  15,"United Brothers  Motor Group, Inc . dba",City of  Indus try,72,Layof f  Perm anent
4/27/15,6/26/15,4/27/15,"Health Net, Inc . (CAN CELLED)* *",W oodland Hills,1217,Layof f  Unk nown at this  tim e
4/27/15,0  6  / 2  6  / 2  0  15,0  4  / 2  7  / 2  0  15,Saf eway Inc .,Dublin,1,Layof f  Unk nown at this  tim e
4/27/15,0  6  / 2  6  / 2  0  15,0  4  / 2  7  / 2  0  15,Saf eway Inc .,Pleas anton,20,Layof f  Unk nown at this  tim e
4/21/15,0  6  / 2  6  / 2  0  15,0  4  / 2  8  / 2  0  15,"Apollo Educ ation Group, Inc .",San Franc is c o,60,Layof f  Perm anent
4/24/15,0  7  / 0  4  / 2  0  15,0  4  / 2  8  / 2  0  15,"Pros pec t Enterpris es , Inc . - Am eric an",Los  Angeles,85,Layof f  Perm anent
4/24/15,0  7  / 0  4  / 2  0  15,0  4  / 2  8  / 2  0  15,"Pros pec t Enterpris es , Inc . - Am eric an",Sac ram ento,19,Layof f  Perm anent
4/24/15,0  7  / 0  4  / 2  0  15,0  4  / 2  8  / 2  0  15,"Pros pec t Enterpris es , Inc . - Cac tus",T hous and Palm s,5,Layof f  Perm anent
4/24/15,0  7  / 0  4  / 2  0  15,0  4  / 2  8  / 2  0  15,"Pros pec t Enterpris es , Inc . -",San Diego,57,Layof f  Perm anent
4/24/15,0  7  / 0  4  / 2  0  15,0  4  / 2  8  / 2  0  15,"Pros pec t Enterpris es , Inc . - Los",Los  Angeles,23,Layof f  Perm anent
4/27/15,6/26/15,4/28/15,"Health Net, Inc . (CAN CELLED)* *",Ranc ho Cordova,385,Layof f  Unk nown at this  tim e
4/27/15,6/26/15,4/28/15,"Health Net, Inc . (CAN CELLED)* *",Ranc ho Cordova,520,Layof f  Unk nown at this  tim e
4/27/15,0  6  / 2  9  / 2  0  15,0  4  / 3  0  / 2  0  15,"Nes tle USA, Inc .",Modes to,56,Layof f  T em porary
4/30/15,0  6  / 3  0  / 2  0  15,0  4  / 3  0  / 2  0  15,Ham ilton Sunds trand Corporation,San Diego,3,Clos ure Perm anent
4/29/15,0  7  / 0  1  / 2  0  15,0  5  / 0  1  / 2  0  15,"Ac tavis , Inc .",Corona,4,Layof f  Perm anent
5/1/15,0  6  / 3  0  / 2  0  15,0  5  / 0  1  / 2  0  15,"Kum ho T ire U.S.A., Inc .",Ranc ho,20,Clos ure Perm anent
5/1/15,0  6  / 3  0  / 2  0  15,0  5  / 0  1  / 2  0  15,T .G.I. Friday' s,La J olla,54,Clos ure Perm anent
4/30/15,0  6  / 1  0  / 2  0  15,0  5  / 0  4  / 2  0  15,Sym antec  Corporation,Mountain View,4,Layof f  Perm anent
5/1/15,0  7  / 0  1  / 2  0  15,0  5  / 0  4  / 2  0  15,"Calif ornia Chas s is , Inc .",Anaheim,20,Clos ure Perm anent
5/1/15,0  7  / 0  3  / 2  0  15,0  5  / 0  4  / 2  0  15,ARYZT A,La Mirada,131,Clos ure Unk nown at this  tim e
4/29/15,0  7  / 0  1  / 2  0  15,0  5  / 0  5  / 2  0  15,"Littler Mendels on, P.C.",San Franc is c o,113,Layof f  Perm anent
4/27/15,0  6  / 3  0  / 2  0  15,0  5  / 0  6  / 2  0  15,Hi-Des ert Mem orial Health Care,J os hua T ree,541,Layof f  Unk nown at this  tim e
4/29/15,0  7  / 1  0  / 2  0  15,0  5  / 0  6  / 2  0  15,Ralphs  Groc ery Com pany,Duarte,72,Clos ure Unk nown at this  tim e
5/4/15,0  7  / 0  3  / 2  0  15,0  5  / 0  6  / 2  0  15,Firem an' s  Fund Ins urnac e Com pany,Novato,7,Layof f  Perm anent
5/1/15,0  7  / 0  3  / 2  0  15,0  5  / 0  7  / 2  0  15,"Herren Enterpris es , Inc . d/b/a Doc tor' s",Laguna Hills,117,Layof f  Perm anent
4/27/15,0  6  / 3  0  / 2  0  15,0  5  / 0  8  / 2  0  15,Hi-Des ert Mem orial Health Care,Yuc c a Valley,8,Layof f  Unk nown at this  tim e
4/27/15,0  6  / 3  0  / 2  0  15,0  5  / 0  8  / 2  0  15,Hi-Des ert Mem orial Health Care,Yuc c a Valley,13,Layof f  Unk nown at this  tim e
4/27/15,0  6  / 3  0  / 2  0  15,0  5  / 0  8  / 2  0  15,Hi-Des ert Mem orial Health Care,Yuc c a Valley,21,Layof f  Unk nown at this  tim e
5/7/15,0  7  / 1  0  / 2  0  15,0  5  / 0  8  / 2  0  15,Vons  Com panies  Inc .,Fres no,73,Layof f  Perm anent
5/7/15,0  7  / 1  2  / 2  0  15,0  5  / 0  8  / 2  0  15,"G reatwide Dis tribution Logis tic s , LLC",W es t Sac ram ento,71,Layof f  Perm anent
5/7/15,0  7  / 1  4  / 2  0  15,0  5  / 0  8  / 2  0  15,Sutter Medic al Foundation,Elk  Grove,17,Layof f  Perm anent
5/8/15,0  7  / 0  7  / 2  0  15,0  5  / 0  8  / 2  0  15,BP,San Diego,90,Clos ure Perm anent
5/8/15,0  7  / 1  0  / 2  0  15,0  5  / 0  8  / 2  0  15,"O lam  W es t Coas t, Inc .",Modes to,65,Clos ure Perm anent
4/27/15,0  7  / 0  1  / 2  0  15,0  5  / 1  1  / 2  0  15,"CytoSport, Inc .",Benic ia,124,Clos ure Perm anent
4/30/15,0  4  / 3  0  / 2  0  15,0  5  / 1  1  / 2  0  15,"T oyota Motor Credit Corporation,",T orranc e,941,Clos ure Perm anent
5/4/15,0  7  / 0  5  / 2  0  15,0  5  / 1  1  / 2  0  15,Hollywood Pres byterian Medic al,Los  Angeles,87,Layof f  Perm anent
5/8/15,0  7  / 0  8  / 2  0  15,0  5  / 1  1  / 2  0  15,Fruit Patc h,Dinuba,132,Clos ure Perm anent
5/6/15,0  5  / 0  8  / 2  0  15,0  5  / 1  2  / 2  0  15,"Zynga, Inc .",San Franc is c o,179,Layof f  Perm anent
5/7/15,0  7  / 1  0  / 2  0  15,0  5  / 1  2  / 2  0  15,"Vons  Com panies , Inc .",Fres no,54,Layof f  Unk nown at this  tim e
5/7/15,0  7  / 1  0  / 2  0  15,0  5  / 1  2  / 2  0  15,"Vons  Com panies , Inc .",Fres no,73,Layof f  Unk nown at this  tim e
5/8/15,0  7  / 1  0  / 2  0  15,0  5  / 1  2  / 2  0  15,Boeing Com pany,Long Beac h,26,Layof f  Unk nown at this  tim e
5/11/15,0  7  / 1  3  / 2  0  15,0  5  / 1  2  / 2  0  15,CR  Briggs  Corporation,T rona,39,Layof f  Perm anent
5/6/15,0  5  / 0  8  / 2  0  15,0  5  / 1  3  / 2  0  15,"Zynga, Inc .",Santa Clara,1,Layof f  Perm anent
5/7/15,0  1  / 1  6  / 2  0  15,0  5  / 1  3  / 2  0  15,Cypres s  Sem ic onduc tor Com pany,San J os e,51,Layof f  Perm anent
5/14/15,0  5  / 1  4  / 2  0  15,0  5  / 1  4  / 2  0  15,"W es tern Dental Servic es , Inc .",O range,237,Clos ure Perm anent
5/13/15,0  7  / 1  5  / 2  0  15,0  5  / 1  5  / 2  0  15,O wens -Broc k way Glas s  Container Inc .,O ak land,67,Layof f  Perm anent
5/13/15,0  7  / 1  0  / 2  0  15,0  5  / 1  8  / 2  0  15,AT &T  Global Cus tom er Servic e,San Ram on,89,Layof f  Perm anent
5/18/15,0  7  / 1  7  / 2  0  15,0  5  / 1  8  / 2  0  15,Saf eway Inc .,Pleas anton,28,Layof f  Unk nown at this  tim e
4/30/15,0  6  / 3  0  / 2  0  15,0  5  / 1  9  / 2  0  15,Head Start Child Developm ent Counc il,T hornton,3,Clos ure Perm anent
4/30/15,0  6  / 3  0  / 2  0  15,0  5  / 1  9  / 2  0  15,Head Start Child Developm ent,Stoc k ton,3,Clos ure Perm anent
4/30/15,0  6  / 3  0  / 2  0  15,0  5  / 1  9  / 2  0  15,Head Start Child Developm ent,Stoc k ton,7,Clos ure Perm anent
4/30/15,0  6  / 3  0  / 2  0  15,0  5  / 1  9  / 2  0  15,Head Start Child Developm ent,Stoc k ton,8,Clos ure Perm anent
4/30/15,0  6  / 3  0  / 2  0  15,0  5  / 1  9  / 2  0  15,Head Start Child Developm ent,T rac y,9,Clos ure Perm anent
4/30/15,0  6  / 3  0  / 2  0  15,0  5  / 1  9  / 2  0  15,Head Start Child Developm ent,Stoc k ton,5,Clos ure Perm anent
4/30/15,0  6  / 3  0  / 2  0  15,0  5  / 1  9  / 2  0  15,Head Start Child Developm ent,Stoc k ton,5,Clos ure Perm anent
4/30/15,0  6  / 3  0  / 2  0  15,0  5  / 1  9  / 2  0  15,Head Start Child Developm ent,Stoc k ton,4,Clos ure Perm anent
4/30/15,0  6  / 3  0  / 2  0  15,0  5  / 1  9  / 2  0  15,Head Start Child Developm ent,Stoc k ton,10,Clos ure Perm anent
4/30/15,0  6  / 3  0  / 2  0  15,0  5  / 1  9  / 2  0  15,Head Start Child Developm ent,Stoc k ton,13,Clos ure Perm anent
4/30/15,0  6  / 3  0  / 2  0  15,0  5  / 1  9  / 2  0  15,Head Start Child Developm ent,Stoc k ton,21,Clos ure Perm anent
4/30/15,0  6  / 3  0  / 2  0  15,0  5  / 1  9  / 2  0  15,Head Start Child Developm ent,Stoc k ton,4,Clos ure Perm anent
4/30/15,0  6  / 3  0  / 2  0  15,0  5  / 1  9  / 2  0  15,Head Start Child Developm ent,Stoc k ton,5,Clos ure Perm anent
4/30/15,0  6  / 3  0  / 2  0  15,0  5  / 1  9  / 2  0  15,Head Start Child Developm ent,Lodi,7,Clos ure Perm anent
4/30/15,0  6  / 3  0  / 2  0  15,0  5  / 1  9  / 2  0  15,Head Start Child Developm ent,Stoc k ton,7,Clos ure Perm anent
4/30/15,0  6  / 3  0  / 2  0  15,0  5  / 1  9  / 2  0  15,Head Start Child Developm ent,Es c alon,5,Clos ure Perm anent
4/30/15,0  6  / 3  0  / 2  0  15,0  5  / 1  9  / 2  0  15,Head Start Child Developm ent,Stoc k ton,3,Clos ure Perm anent
4/30/15,0  6  / 3  0  / 2  0  15,0  5  / 1  9  / 2  0  15,Head Start Child Developm ent,Frenc h Cam p,5,Clos ure Perm anent
4/30/15,0  6  / 3  0  / 2  0  15,0  5  / 1  9  / 2  0  15,Head Start Child Developm ent,Stoc k ton,10,Clos ure Perm anent
4/30/15,0  6  / 3  0  / 2  0  15,0  5  / 1  9  / 2  0  15,Head Start Child Developm ent,Stoc k ton,5,Clos ure Perm anent
4/30/15,0  6  / 3  0  / 2  0  15,0  5  / 1  9  / 2  0  15,Head Start Child Developm ent,Stoc k ton,5,Clos ure Perm anent
4/30/15,0  6  / 3  0  / 2  0  15,0  5  / 1  9  / 2  0  15,Head Start Child Developm ent,Lodi,4,Clos ure Perm anent
4/30/15,0  6  / 3  0  / 2  0  15,0  5  / 1  9  / 2  0  15,Head Start Child Developm ent,Stoc k ton,9,Clos ure Perm anent
4/30/15,0  6  / 3  0  / 2  0  15,0  5  / 1  9  / 2  0  15,Head Start Child Developm ent,Lodi,5,Clos ure Perm anent
4/30/15,0  6  / 3  0  / 2  0  15,0  5  / 1  9  / 2  0  15,Head Start Child Developm ent,Stoc k ton,5,Clos ure Perm anent
4/30/15,0  6  / 3  0  / 2  0  15,0  5  / 1  9  / 2  0  15,Head Start Child Developm ent,Lathrop,5,Clos ure Perm anent
4/30/15,0  6  / 3  0  / 2  0  15,0  5  / 1  9  / 2  0  15,Head Start Child Developm ent,Lodi,5,Clos ure Perm anent
4/30/15,0  6  / 3  0  / 2  0  15,0  5  / 1  9  / 2  0  15,Head Start Child Developm ent,Lodi,5,Clos ure Perm anent
4/30/15,0  6  / 3  0  / 2  0  15,0  5  / 1  9  / 2  0  15,Head Start Child Developm ent,Lodi,11,Clos ure Perm anent
4/30/15,0  6  / 3  0  / 2  0  15,0  5  / 1  9  / 2  0  15,Head Start Child Developm ent,Mantec a,5,Clos ure Perm anent
4/30/15,0  6  / 3  0  / 2  0  15,0  5  / 1  9  / 2  0  15,Head Start Child Developm ent,Mantec a,14,Clos ure Perm anent
4/30/15,0  6  / 3  0  / 2  0  15,0  5  / 1  9  / 2  0  15,Head Start Child Developm ent,Stoc k ton,3,Clos ure Perm anent
4/30/15,0  6  / 3  0  / 2  0  15,0  5  / 1  9  / 2  0  15,Head Start Child Developm ent,T rac y,4,Clos ure Perm anent
4/30/15,0  6  / 3  0  / 2  0  15,0  5  / 1  9  / 2  0  15,Head Start Child Developm ent,Stoc k ton,3,Clos ure Perm anent
4/30/15,0  6  / 3  0  / 2  0  15,0  5  / 1  9  / 2  0  15,Head Start Child Developm ent,Stoc k ton,5,Clos ure Perm anent
4/30/15,0  6  / 3  0  / 2  0  15,0  5  / 1  9  / 2  0  15,Head Start Child Developm ent,Stoc k ton,19,Clos ure Perm anent
4/30/15,0  6  / 3  0  / 2  0  15,0  5  / 1  9  / 2  0  15,Head Start Child Developm ent,Stoc k ton,5,Clos ure Perm anent
4/30/15,0  6  / 3  0  / 2  0  15,0  5  / 1  9  / 2  0  15,Head Start Child Developm ent,Stoc k ton,5,Clos ure Perm anent
4/30/15,0  6  / 3  0  / 2  0  15,0  5  / 1  9  / 2  0  15,Head Start Child Developm ent,Stoc k ton,4,Clos ure Perm anent
4/30/15,0  6  / 3  0  / 2  0  15,0  5  / 1  9  / 2  0  15,Head Start Child Developm ent,Mantec a,5,Clos ure Perm anent
4/30/15,0  6  / 3  0  / 2  0  15,0  5  / 1  9  / 2  0  15,Head Start Child Developm ent,Mantec a,5,Clos ure Perm anent
4/30/15,0  6  / 3  0  / 2  0  15,0  5  / 1  9  / 2  0  15,Head Start Child Developm ent,Stoc k ton,5,Clos ure Perm anent
4/30/15,0  6  / 3  0  / 2  0  15,0  5  / 1  9  / 2  0  15,Head Start Child Developm ent,Stoc k ton,3,Clos ure Perm anent
4/30/15,0  6  / 3  0  / 2  0  15,0  5  / 1  9  / 2  0  15,Head Start Child Developm ent,Stoc k ton,4,Clos ure Perm anent
4/30/15,0  6  / 3  0  / 2  0  15,0  5  / 1  9  / 2  0  15,Head Start Child Developm ent,Stoc k ton,34,Clos ure Perm anent
4/30/15,0  6  / 3  0  / 2  0  15,0  5  / 1  9  / 2  0  15,Head Start Child Developm ent,Stoc k ton,10,Clos ure Perm anent
4/30/15,0  6  / 3  0  / 2  0  15,0  5  / 1  9  / 2  0  15,Head Start Child Developm ent,Stoc k ton,18,Clos ure Perm anent
4/30/15,0  6  / 3  0  / 2  0  15,0  5  / 1  9  / 2  0  15,Head Start Child Developm ent,Stoc k ton,8,Clos ure Perm anent
4/30/15,0  6  / 3  0  / 2  0  15,0  5  / 1  9  / 2  0  15,Head Start Child Developm ent,Stoc k ton,6,Clos ure Perm anent
4/30/15,0  6  / 3  0  / 2  0  15,0  5  / 1  9  / 2  0  15,Head Start Child Developm ent,Stoc k ton,2,Clos ure Perm anent
4/30/15,0  6  / 3  0  / 2  0  15,0  5  / 1  9  / 2  0  15,Head Start Child Developm ent,T rac y,5,Clos ure Perm anent
4/30/15,0  6  / 3  0  / 2  0  15,0  5  / 1  9  / 2  0  15,Head Start Child Developm ent,Stoc k ton,20,Clos ure Perm anent
4/30/15,0  6  / 3  0  / 2  0  15,0  5  / 1  9  / 2  0  15,Head Start Child Developm ent,Stoc k ton,3,Clos ure Perm anent
4/30/15,0  6  / 3  0  / 2  0  15,0  5  / 1  9  / 2  0  15,Head Start Child Developm ent,Mantec a,10,Clos ure Perm anent
4/30/15,0  6  / 3  0  / 2  0  15,0  5  / 1  9  / 2  0  15,Head Start Child Developm ent,Stoc k ton,5,Clos ure Perm anent
4/30/15,0  6  / 3  0  / 2  0  15,0  5  / 1  9  / 2  0  15,Head Start Child Developm ent,Stoc k ton,5,Clos ure Perm anent
4/30/15,0  6  / 3  0  / 2  0  15,0  5  / 1  9  / 2  0  15,Head Start Child Developm ent,Stoc k ton,5,Clos ure Perm anent
4/30/15,0  6  / 3  0  / 2  0  15,0  5  / 1  9  / 2  0  15,Head Start Child Developm ent,Stoc k ton,3,Clos ure Perm anent
4/30/15,0  9  / 3  0  / 2  0  15,0  5  / 1  9  / 2  0  15,Head Start Child Developm ent,Stoc k ton,16,Clos ure Perm anent
4/30/15,0  9  / 3  0  / 2  0  15,0  5  / 1  9  / 2  0  15,Head Start Child Developm ent,Stoc k ton,16,Clos ure Perm anent
5/19/15,0  7  / 1  9  / 2  0  15,0  5  / 1  9  / 2  0  15,W ic hc raf t O perating LLC,San Franc is c o,29,Clos ure Perm anent
4/30/15,0  6  / 3  0  / 2  0  15,0  5  / 2  0  / 2  0  15,Head Start Child Developm ent,Stoc k ton,8,Layof f  Perm anent
5/19/15,0  7  / 2  0  / 2  0  15,0  5  / 2  0  / 2  0  15,"NetApp, Inc .",Sunnyvale,125,Layof f  Perm anent
5/20/15,0  7  / 1  9  / 2  0  15,0  5  / 2  0  / 2  0  15,SanDis k  Corporation,Milpitas,27,Layof f  Perm anent
5/1/15,0  7  / 1  0  / 2  0  15,0  5  / 2  1  / 2  0  15,Sonnen BMW,San Raf ael,114,Clos ure Unk nown at this  tim e
5/8/15,0  8  / 1  4  / 2  0  15,0  5  / 2  1  / 2  0  15,"Em ulex Corporation, Avago",Cos ta Mes a,49,Layof f  Perm anent
5/8/15,0  8  / 1  4  / 2  0  15,0  5  / 2  1  / 2  0  15,"Em ulex Corporation, Avago",San J os e,38,Layof f  Perm anent
5/8/15,0  8  / 2  8  / 2  0  15,0  5  / 2  1  / 2  0  15,"Em ulex Corporation, Avago",San J os e,1,Layof f  Perm anent
5/21/15,0  8  / 0  9  / 2  0  15,0  5  / 2  1  / 2  0  15,G reatwide Dis tribution Logis tic s  LLC,Fres no,93,Layof f  Perm anent
5/19/15,0  5  / 0  5  / 2  0  15,0  5  / 2  2  / 2  0  15,BAE Sys tem s,San Franc is c o,104,Layof f  T em porary
5/19/15,0  5  / 1  2  / 2  0  15,0  5  / 2  6  / 2  0  15,IT T  Cannon LLC,Santa Ana,10,Layof f  Perm anent
5/26/15,0  7  / 2  5  / 2  0  15,0  5  / 2  6  / 2  0  15,"T he San Diego Union T ribune, LLC",O c eans ide,3,Layof f  Perm anent
5/26/15,0  7  / 2  5  / 2  0  15,0  5  / 2  6  / 2  0  15,"T he San Diego Union T ribune, LLC",San Diego,175,Layof f  Perm anent
5/26/15,0  7  / 2  9  / 2  0  15,0  5  / 2  6  / 2  0  15,"Certif ied Players , Inc .",Inglewood,118,Clos ure Unk nown at this  tim e
5/15/15,0  7  / 1  0  / 2  0  15,0  5  / 2  7  / 2  0  15,AT &T  Global Cus tom er Servic e,T us tin,129,Layof f  Perm anent
5/15/15,0  7  / 1  5  / 2  0  15,0  5  / 2  7  / 2  0  15,"Crys tal Cathedral Minis tries ,",G arden Grove,27,Clos ure Perm anent
5/27/15,0  7  / 2  9  / 2  0  15,0  5  / 2  7  / 2  0  15,"H.J . Heinz Com pany, L.P.",Chats worth,144,Clos ure Perm anent
5/20/15,0  7  / 1  5  / 2  0  15,0  5  / 2  8  / 2  0  15,"SureFire, LLC",Fountain Valley,12,Layof f  Perm anent
5/20/15,0  7  / 1  5  / 2  0  15,0  5  / 2  8  / 2  0  15,"SureFire, LLC",Fountain Valley,21,Layof f  Perm anent
5/20/15,0  7  / 1  5  / 2  0  15,0  5  / 2  8  / 2  0  15,"SureFire, LLC",Santa Ana,2,Layof f  Perm anent
5/20/15,0  7  / 1  5  / 2  0  15,0  5  / 2  8  / 2  0  15,"SureFire, LLC",Santa Ana,9,Layof f  Perm anent
5/22/15,0  7  / 2  4  / 2  0  15,0  5  / 2  8  / 2  0  15,Boeing Com pany,Huntington Beac h,32,Layof f  Unk nown at this  tim e
5/22/15,0  7  / 2  4  / 2  0  15,0  5  / 2  8  / 2  0  15,Boeing Com pany,Long Beac h,91,Layof f  Unk nown at this  tim e
5/28/15,0  6  / 3  0  / 2  0  15,0  5  / 2  8  / 2  0  15,"Cam pes inos  Unidos , Inc . - Lily",Calexic o,9,Clos ure Perm anent
5/22/15,0  7  / 2  4  / 2  0  15,0  5  / 2  9  / 2  0  15,Boeing Com pany,El Segundo,40,Layof f  Unk nown at this  tim e
5/28/15,0  6  / 3  0  / 2  0  15,0  5  / 2  9  / 2  0  15,"Cam pes inos  Unidos , Inc . -",Brawley,7,Clos ure Perm anent
5/28/15,0  6  / 3  0  / 2  0  15,0  5  / 2  9  / 2  0  15,"Cam pes inos  Unidos , Inc . - Carm en",Brawley,10,Clos ure Perm anent
5/28/15,0  6  / 3  0  / 2  0  15,0  5  / 2  9  / 2  0  15,"Cam pes inos  Unidos , Inc . - Claudio",El Centro,13,Clos ure Perm anent
5/28/15,0  6  / 3  0  / 2  0  15,0  5  / 2  9  / 2  0  15,"Cam pes inos  Unidos , Inc . - Head Start",El Centro,12,Clos ure Perm anent
5/28/15,0  6  / 3  0  / 2  0  15,0  5  / 2  9  / 2  0  15,"Cam pes inos  Unidos , Inc . - Im perial",Im perial,2,Clos ure Perm anent
5/28/15,0  6  / 3  0  / 2  0  15,0  5  / 2  9  / 2  0  15,"Cam pes inos  Unidos , Inc . - Mc Kinley",El Centro,13,Clos ure Perm anent
5/28/15,0  6  / 3  0  / 2  0  15,0  5  / 2  9  / 2  0  15,"Cam pes inos  Unidos , Inc . - Mic hael H.",Niland,4,Clos ure Perm anent
5/28/15,0  6  / 3  0  / 2  0  15,0  5  / 2  9  / 2  0  15,"Cam pes inos  Unidos , Inc . - Norah L.",Heber,9,Clos ure Perm anent
5/28/15,0  6  / 3  0  / 2  0  15,0  5  / 2  9  / 2  0  15,"Cam pes inos  Unidos , Inc . - Vic tor",El Centro,15,Clos ure Perm anent
5/28/15,0  6  / 3  0  / 2  0  15,0  5  / 2  9  / 2  0  15,"Cam pes inos  Unidos , Inc . -",W es tm orland,4,Clos ure Perm anent
5/26/15,0  7  / 2  7  / 2  0  15,0  6  / 0  1  / 2  0  15,Envoy,San Diego,79,Layof f  Perm anent
5/28/15,0  8  / 0  1  / 2  0  15,0  6  / 0  1  / 2  0  15,Raley' s,Newark,61,Clos ure Perm anent
5/28/15,0  8  / 0  7  / 2  0  15,0  6  / 0  1  / 2  0  15,Hous e of  Blues  Los  Angeles,W es t Hollywood,197,Clos ure Perm anent
5/29/15,0  7  / 0  8  / 2  0  15,0  6  / 0  1  / 2  0  15,Sym antec  Corporation,Mountain View,13,Layof f  Perm anent
5/28/15,0  7  / 3  1  / 2  0  15,0  6  / 0  2  / 2  0  15,"Rio Mes a Farm s , LLC",Santa Paula,61,Clos ure Perm anent
5/28/15,0  7  / 3  1  / 2  0  15,0  6  / 0  2  / 2  0  15,"Rio Mes a Farm s , LLC",Som is,74,Clos ure Perm anent
6/2/15,0  8  / 0  3  / 2  0  15,0  6  / 0  2  / 2  0  15,G reen T ree Servic ing LLC,Ranc ho,53,Layof f  Perm anent
5/28/15,0  7  / 3  1  / 2  0  15,0  6  / 0  3  / 2  0  15,"Ito Pac k ing Com pany, Inc .",Reedley,197,Clos ure Perm anent
5/28/15,0  7  / 3  1  / 2  0  15,0  6  / 0  3  / 2  0  15,Ralphs  Groc ery Com pany,Mis s ion Hills,70,Clos ure Unk nown at this  tim e
5/21/15,0  5  / 2  0  / 2  0  15,0  6  / 0  4  / 2  0  15,BAE Sys tem s,San Franc is c o,1,Layof f  T em porary
6/4/15,0  8  / 0  3  / 2  0  15,0  6  / 0  4  / 2  0  15,Verizon W ireles s,Irvine,50,Layof f  Perm anent
6/4/15,0  8  / 0  7  / 2  0  15,0  6  / 0  4  / 2  0  15,CR  Briggs  Corporation,T rona,31,Layof f  Perm anent
6/1/15,0  7  / 3  1  / 2  0  15,0  6  / 0  5  / 2  0  15,Alexza Pharm ac eutic als,Mountain View,28,Layof f  Perm anent
5/27/15,0  5  / 2  6  / 2  0  15,0  6  / 0  8  / 2  0  15,BAE Sys tem s,San Franc is c o,1,Layof f  T em porary
6/2/15,0  8  / 0  3  / 2  0  15,0  6  / 0  8  / 2  0  15,Com pas s  Pointe Healthc are Sys tem,San Gabriel,68,Clos ure Unk nown at this  tim e
6/4/15,0  9  / 3  0  / 2  0  15,0  6  / 0  8  / 2  0  15,Brook s  Autom ation,Poway,36,Clos ure Unk nown at this  tim e
6/8/15,0  8  / 0  7  / 2  0  15,0  6  / 0  8  / 2  0  15,Saf eway Inc .,Pleas anton,8,Layof f  Unk nown at this  tim e
6/5/15,0  8  / 0  3  / 2  0  15,0  6  / 0  9  / 2  0  15,"Littler Mendels on, P.C.",Los  Angeles,2,Layof f  Perm anent
6/8/15,0  8  / 1  2  / 2  0  15,0  6  / 1  0  / 2  0  15,"W ils hire W es t Car W as h, LLC",Santa Monic a,66,Clos ure Perm anent
6/10/15,0  9  / 3  0  / 2  0  15,0  6  / 1  1  / 2  0  15,Clos etMaid Corporation,Chino,71,Clos ure Perm anent
6/11/15,0  8  / 1  5  / 2  0  15,0  6  / 1  1  / 2  0  15,"King Meat, Inc .",Los  Angeles,227,Clos ure Unk nown at this  tim e
6/12/15,0  7  / 3  1  / 2  0  15,0  6  / 1  2  / 2  0  15,Sak s  & Com pany LLC,Santa Barbara,56,Clos ure Perm anent
6/12/15,0  8  / 1  0  / 2  0  15,0  6  / 1  2  / 2  0  15,"Flying Food Group, LLC",Harbor City,121,Layof f  Perm anent
6/5/15,0  8  / 0  7  / 2  0  15,0  6  / 1  5  / 2  0  15,Boeing Com pany,Long Beac h,15,Layof f  Unk nown at this  tim e
6/11/15,0  7  / 1  5  / 2  0  15,0  6  / 1  5  / 2  0  15,Intel Corporation,Fols om,152,Layof f  Perm anent
6/12/15,0  8  / 1  4  / 2  0  15,0  6  / 1  5  / 2  0  15,"Bric e Manuf ac turing Com pany, Inc .",Pac oim a,15,Layof f  Perm anent
6/16/15,0  8  / 1  7  / 2  0  15,0  6  / 1  6  / 2  0  15,"Bridgepoint Educ ation, Inc .",San Diego,2,Layof f  Perm anent
6/16/15,0  8  / 1  7  / 2  0  15,0  6  / 1  6  / 2  0  15,"Bridgepoint Educ ation, Inc .",San Diego,5,Layof f  Perm anent
6/16/15,0  8  / 1  7  / 2  0  15,0  6  / 1  6  / 2  0  15,"Bridgepoint Educ ation, Inc .",San Diego,12,Layof f  Perm anent
6/16/15,0  8  / 1  5  / 2  0  15,0  6  / 1  7  / 2  0  15,"Dis c over Hom e Loans , Inc .",Irvine,393,Clos ure Perm anent
6/11/15,0  7  / 1  5  / 2  0  15,0  6  / 1  8  / 2  0  15,Intel Corporation,Santa Clara,10,Layof f  Perm anent
6/11/15,0  7  / 1  5  / 2  0  15,0  6  / 1  8  / 2  0  15,Intel Corporation,Santa Clara,52,Layof f  Perm anent
6/11/15,0  7  / 1  5  / 2  0  15,0  6  / 1  8  / 2  0  15,Intel Corporation,Santa Clara,103,Layof f  Perm anent
6/23/15,0  8  / 2  3  / 2  0  15,0  6  / 2  3  / 2  0  15,"G ap, Inc .",San Franc is c o,62,Layof f  Perm anent
6/12/15,0  9  / 1  1  / 2  0  15,0  6  / 2  4  / 2  0  15,Cal State Steel Corp.,Com pton,44,Clos ure Perm anent
6/19/15,0  8  / 1  7  / 2  0  15,0  6  / 2  4  / 2  0  15,"T ABC, Inc .",Long Beac h,104,Layof f  Perm anent
6/19/15,0  8  / 2  1  / 2  0  15,0  6  / 2  5  / 2  0  15,Boeing Com pany,El Segundo,26,Layof f  Unk nown at this  tim e
6/19/15,0  8  / 2  1  / 2  0  15,0  6  / 2  5  / 2  0  15,Boeing Com pany,Long Beac h,28,Layof f  Unk nown at this  tim e
6/19/15,0  8  / 2  1  / 2  0  15,0  6  / 2  5  / 2  0  15,Boeing Com pnay,Huntington Beac h,6,Layof f  Unk nown at this  tim e
6/23/15,0  8  / 0  7  / 2  0  15,0  6  / 2  5  / 2  0  15,"Aerotek , Inc .",Long Beac h,121,Layof f  Unk nown at this  tim e
6/23/15,0  9  / 0  1  / 2  0  15,0  6  / 2  9  / 2  0  15,Merc ed T rans portation Com pany,Merc ed,107,Layof f  Perm anent
6/23/15,1  2  / 3  1  / 2  0  15,0  6  / 2  9  / 2  0  15,E2O PEN,San Mateo,54,Clos ure Perm anent
6/24/15,0  8  / 3  1  / 2  0  15,0  6  / 2  9  / 2  0  15,Univers ity of  Phoenix,San Franc is c o,14,Layof f  Perm anent
6/25/15,0  8  / 2  4  / 2  0  15,0  6  / 2  9  / 2  0  15,"Intuit, Inc .",San Franc is c o,6,Layof f  Perm anent
6/25/15,0  8  / 2  4  / 2  0  15,0  6  / 2  9  / 2  0  15,"Intuit, Inc .",W oodland Hills,4,Layof f  Perm anent
6/26/15,0  7  / 3  1  / 2  0  15,0  6  / 2  9  / 2  0  15,LongView International T ec hnology,Laguna Niguel,500,Layof f  Unk nown at this  tim e
6/26/15,1  2  / 3  1  / 2  0  15,0  6  / 2  9  / 2  0  15,Prec is ion Spec ialty Metals,Los  Angeles,61,Clos ure Unk nown at this  tim e
6/24/15,0  8  / 1  9  / 2  0  15,0  6  / 3  0  / 2  0  15,"SureFire, LLC",Fountain Valley,1,Layof f  Perm anent
6/24/15,0  8  / 1  9  / 2  0  15,0  6  / 3  0  / 2  0  15,"SureFire, LLC",Fountain Valley,14,Layof f  Perm anent
6/24/15,0  8  / 1  9  / 2  0  15,0  6  / 3  0  / 2  0  15,"SureFire, LLC",Fountain Valley,26,Layof f  Perm anent
6/24/15,0  8  / 1  9  / 2  0  15,0  6  / 3  0  / 2  0  15,"SureFire, LLC",Fountain Valley,45,Layof f  Perm anent
6/24/15,0  8  / 1  9  / 2  0  15,0  6  / 3  0  / 2  0  15,"SureFire, LLC",Santa Ana,2,Layof f  Perm anent
6/24/15,0  8  / 1  9  / 2  0  15,0  6  / 3  0  / 2  0  15,"SureFire, LLC",Santa Ana,10,Layof f  Perm anent
6/25/15,0  8  / 2  4  / 2  0  15,0  6  / 3  0  / 2  0  15,"Intuit, Inc .",Menlo Park,27,Layof f  Perm anent
6/25/15,0  8  / 2  4  / 2  0  15,0  6  / 3  0  / 2  0  15,"Intuit, Inc .",Mountain View,13,Layof f  Perm anent
6/25/15,0  8  / 2  4  / 2  0  15,0  6  / 3  0  / 2  0  15,"Intuit, Inc .",San Diego,11,Layof f  Perm anent
6/25/15,0  8  / 2  4  / 2  0  15,0  6  / 3  0  / 2  0  15,"Intuit, Inc .",San Franc is c o,86,Layof f  Perm anent
6/25/15,0  8  / 2  4  / 2  0  15,0  6  / 3  0  / 2  0  15,"Intuit, Inc .",Santa Monic a,49,Clos ure Perm anent
6/25/15,8/24/15,6/30/15,"Intuit, Inc.",Venice,11,Closure Permanent
6/29/15,8/28/15,6/30/15,"Safeway, Inc.",Pleasanton,18,Layoff Unknown at this time
6/30/15,7/22/15,6/30/15,Medtronic Ablation Frontiers LLC,Carlsbad,50,Closure Permanent
,,,,,,
,,,,,61491,